actual_summary,generated_summary
the administration of union territory daman and diu has revoked its order that made it compulsory for women to tie rakhis to their male colleagues on the occasion of rakshabandhan on august the administration was forced to withdraw the decision within hours of issuing the circular after it received flak from employees and was slammed on social media,the daman and diu administration on wednesday withdrew a circular that asked women staff to tie rakhis on male colleagues after the order triggered a backlash from employees and was ripped apart on social mediathe union territorys administration was forced to retreat within hours of issuing the circular that made it compulsory for its staff to celebrate rakshabandhan at workplaceit has been decided to celebrate the festival of rakshabandhan on august in this connection all offices departments shall remain open and celebrate the festival collectively at a suitable time wherein all the lady staff shall tie rakhis to their colleagues the order issued on august by gurpreet singh deputy secretary personnel had saidto ensure that no one skipped office an attendance report was to be sent to the government the next eveningthe two notifications one mandating the celebration of rakshabandhan left and the other withdrawing the mandate right were issued by the daman and diu administration a day apart the circular was withdrawn through a oneline order issued late in the evening by the uts department of personnel and administrative reformsthe circular is ridiculous there are sensitivities involved how can the government dictate who i should tie rakhi to we should maintain the professionalism of a workplace an official told hindustan times earlier in the day she refused to be identifiedthe notice was issued on daman and diu administrator and former gujarat home minister praful kodabhai patels direction sources saidrakshabandhan a celebration of the bond between brothers and sisters is one of several hindu festivities and rituals that are no longer confined of private family affairs but have become tools to push politic al ideologiesin the year bjp stormed to power at the centre rashtriya swayamsevak sangh rss chief mohan bhagwat said the festival had national significance and should be celebrated widely to protect hindu culture and live by the values enshrined in it the rss is the ideological parent of the ruling bjplast year women ministers in the modi government went to the border areas to celebrate the festival with soldiers a year before all cabinet ministers were asked to go to their constituencies for the festival
malaika arora slammed an instagram user who trolled her for divorcing a rich man and having fun with the alimony her life now is all about wearing short clothes going to gym or salon enjoying vacations the user commented malaika responded you certainly got to get your damn facts right before spewing sht on mewhen you know nothing about me,from her special numbers to tvappearances bollywood actor malaika arora khan has managed to carve her own identity the actor who made her debut in the hindi film industry with the blockbuster debut opposite shah rukh khan in chaiyya chaiyya from dil se is still remembered for the song however for trolls she is a woman first and what matters right now is that she divorced a rich man on wednesday malaika arora shared a gorgeous picture of herself on instagram and a follower decided to troll her for using her alumni read alimony money to wear short clothes and going to gym or salon little did heshe know that the munni badnam star would reply with the perfect comeback take a look at the interaction super excited to be affiliated with khanna jewellers khannajewellerskj as their brand ambassador crafted to perfection their stunning statement jewellery is a must have for every jewellery lover khannajewellersmaksquad hair hairbypriyanka stylist manekaharisinghani manager ektakauroberoi mua subbu photographer prasdnaik a post shared by malaika arora khan malaikaarorakhanofficial on aug at am pdt then malaika decided to reply the entire conversation only proves that no matter if a woman is successful she will be attacked the moment she decides to step out of bounds the society decided for her apart from being a successful woman who lives life on her own terms malaika has literally played all the roles traditionally prescribed for a woman she married quite early had a son and raised him and was always around with the khandan but then she got divorced and alimony is the taunt being thrown at her the details of the alimony are only known to malaika her husband arbaaz khan and perhaps the family the couple has handled the divorce with the utmost dignity but we can vouch for the fact that she did not need an alimony to buy clothes short or not her choice go on vacations and enjoy her life if anything she is as successful if not more than her exhusbandwhat happened between arbaaz and malaika is their personal concern but to claim that malaika married and then divorced arbaaz for money doesnt hold water for those who do not agree please get a course in feminism and for others heres a playlist of some of her most popular songs follow htshowbiz for more
the indira gandhi institute of medical sciences igims in patna on thursday made corrections in its marital declaration form by changing virgin option to unmarried earlier bihar health minister defined virgin as being an unmarried woman and did not consider the term objectionable the institute however faced strong backlash for asking new recruits to declare their virginity in the form,the indira gandhi institute of medical sciences igims in patna amended its marital declaration form on thursday replacing the word virgin with unmarried after controversyuntil now new recruits to the superspecialty medical institute in the state capital were required to declare if they were bachelors widowers or virginsigims medical superintendent dr manish mandal said institute director dr nr biswas held a meeting on thursday morning before directing that the word virgin on the marital declaration form be immediately replaced with unmarried dr biswas had just returned after a fourday leave of absenceearlier bihar health minister mangal pandey had ended up redefining the very meaning of virginity in his attempts to justify the awkward phrasing of the question in the form following a public furore over the document on wednesday the minister told news channels that there was nothing wrong with using the word virgin because it simply meant kanya or kunwari which means an unmarried girlpandey had joined the cabinet just three days agosources said the chief ministers office had also taken cognizance of the issue and asked for a copy of the form it had even asked why the question was introduced in the first placein its response the management of the autonomous superspecialty health facility had clarified on wednesday that it was in adherence to the central civil services rules followed by the all india institute of medical sciences in new delhithe previous version of the marital declaration form which purportedly asked new recruits if they were virgins ht photo the marital declaration form had been in existence since the inception of the institute in some officials blamed the faux pas on poor translation on the part of individuals who drafted the documentthe word virgin mentioned on the form had nothing to do with the virginity of any employee it only sought to know the employees marital status so their dues could be settled on the basis of their declaration in the event of death while in service said dr mandal
lashkaretaibas kashmir commander abu dujana who was killed by security forces said kabhi hum aage kabhi aap aaj aapne pakad liya mubarak ho aapko today you caught me congratulations after being caught he added that he wont surrender and whatever is in his fate will happen to him hum nikley they shaheed hone had left home for martyrdom he added,lashkaretaibas kashmir commander abu dujana was killed in an encounter in a village in pulwama district of jammu and kashmir earlier this week dujana who had managed to give the security forces a slip several times in the past carried a bounty of rs lakh on his headreports say that dujana had come to meet his wife when he was trapped inside a house in hakripora village security officials involved in the encounter tried their best to convince dujana to surrender but he refused reports sayaccording to reports dujana rejected call for surrender from an army officer the army had commissioned a local to start a telephonic conversation with dujana after initiating the talk the local villager handed over the phone to the army officerkya haal hai maine kaha kya haal hai how are you i asked how are you dujana is heard asking the officer the officer replies humara haal chhor dujana surrender kyun nahi kar deta tu galat kar rha hai why dont you surrender you have married this girl what you are doing isnt rightwhen told that he is being used by pakistani agencies as a pawn dujana who sounded calm and unperturbed of the situation said hum nikley they shaheed hone main kya karu jisko game khelna hai khelo kabhi hum aage kabhi aap aaj aapne pakad liya mubarak ho aapko jisko jo karna hai karlo i had left home for martyrdom what can i do today you caught me congratulations surrender nahi kar sakta jo meri kismat may likha hoga allah wahi karega theek hai i wont surrender allaah would do whatever is there in my fate dujana went on to say dujana who belonged to pakistan was lashkaretaibas divisional commander in south kashmir he was among the top terrorists identified by the indian army in jammu and kashmirwith a rs lakh bounty on his head dujana was labelled an a terrorist the top grade which was also given to burhan wanisecurity forces received inputs that during the last few days he was frequenting the houses of his wife rukaiya and girlfriend shazia police was keeping a watch on both the houses when it was confirmed he was present in his wifes house security forces moved in to trap himalso readafter abu dujana security forces prepare new hitlist of most wanted terroristsabu dujana encounter jilted lover turned police informer led security forces to let commander
hotels in maharashtra will train their staff to spot signs of sex trafficking including frequent requests for bed linen changes and do not disturb signs left on room doors for days a mobile phone app called rescue me which will allow staff to alert police of suspicious behaviour will be developed the initiative has been backed by the maharashtra government,hotels in mumbai and other indian cities are to train their staff to spot signs of sex trafficking such as frequent requests for bed linen changes or a do not disturb sign left on the door for days on end the group behind the initiative is also developing a mobile phone app rescue me which hotel staff can use to alert local police and senior antitrafficking officers if they see suspicious behavior hotels are breeding grounds for human trade said sanee awsarmmel chairman of the alumni group of maharashtra state institute of hotel management and catering technology we have hospitality professionals working in hotels across the country we are committed to this causethe initiative spearheaded by the alumni group and backed by the maharashtra state government comes amid growing international recognition that hotels have a key role to play in fighting modern day slavery maharashtra major destination for trafficked girls maharashtra of which mumbai is the capital is a major destination for trafficked girls who are lured from poor states and nearby countries on the promise of jobs but then sold into the sex trade or domestic servitude with rising property prices some traditional red light districts like those in mumbai have started to disappear pushing the sex trade underground into private lodges and hotels which makes it hard for police to monitorawsarmmel said hotels would be told about signs that staff needed to watch out forthese include requests for rooms with a view of the car park which are favored by traffickers as they allow them to vet clients for signs of trouble and check out their cars to gauge how much to chargeawsarmmel said hotel staff often noticed strange behavior such as a girls reticence during the checkin process or her dependence on the person accompanying her to answer questions and provide her proof of identitybut in most cases staff ignore these signs or have no idea what to do he told the thomson reuters foundationrescue me app the rescue me app to be launched in a couple of months will have a text feature where hotel staff can fill in details including room numbers to send an alert to policehuman trafficking is the worlds fastest growing criminal enterprise worth an estimated billion a year according to the international labor organization which says nearly million people globally are victims of forced labor and traffickinglast year major hotel groups including the hilton and shiva hotels pledged to examine their supply chains for forced labor and train staff how to spot and report signs of traffickingearlier this year mexico city also launched an initiative to train hotel staff about traffickingvijaya rahatkar chairwoman of the maharashtra state womens commission said the initiative would have an impact beyond the state as the alumni group had contact with about a million small hotels across indiathe group is also developing a training module on trafficking for hotel staff and hospitality students which could be used across the countryalso readfyi legal revenge child sex trafficking survivors get school of justice to fight their own battlesmumbai woman dj arrested in highprofile sex racket case
a yearold man on wednesday was found hanging inside the washroom of a delhi police station after he was called for interrogation his family alleged that he could have been emotionally and physically tortured police said the man was named as a suspect in the kidnapping case of a married woman with whom he had been in a relationship earlier,an alleged suspect in a kidnapping case was found hanging inside the washroom of the jahangirpuri police station in north delhi on wednesday hours after he was called by the cops for interrogationthe police claimed it was an unprovoked suicide and denied use of force an internal inquiry as well as a magisterial probe is in process police said the relatives of the deceased suspect foul play in the deaththe dead man is yearold raj kumar a native of kasganj in up kumar was unmarried and worked as a security guard at a government school in pitampura till a few months agoduring his stint at that school he entered into a relationship with a married woman who worked as a peon their relationship ended a few months ago and kumar quit the job and returned to his village said a police officerthe woman went missing a few months ago prompting her husband to file a police complaint and a habeas corpus petition at the delhi high courtthe womans husband suspected fivesix persons kumar was one of them said the officer a team was sent to kumars village but when he was found unavailable he was instructed to report to the jahangirpuri police stationkumar was confident he had no role in the womans disappearance he willingly arrived in delhi on tuesday and visited the police station said kumars friend dharmendra who dropped him at the police station around pmciting the magisterial enquiry the police refused to share either the sequence of events or the circumstances leading to his death but kumars relatives quoted investigators as saying he was let off around pmthe investigating officer told me my uncle was allowed to go at pm the same officer tells me the suicide happened at am over three hours later said kumars nephew ankit pachauripachauri and other family members suspected that kumar could have been physically and emotionally tortured because of which he killed himselfa request for postmortem by a board of doctors is being made all mandatory actions are being taken said vijayanta arya additional dcp northwest she said neither was kumar arrested nor did any evidence of his involvement in the womans disappearance emerge in tuesdays questioning
the delhi high court reduced the compensation awarded to a motor accident victim by after it found negligence on the part of both parties a compensation of lakh was earlier awarded to the victim the court observed its possible despite the vehicle being driven in permissible limit an accident can occur when a jaywalker suddenly appears on road,in an interesting ruling the delhi high court reduced the compensation awarded to a motor accident victim by per cent after it found negligence on the part of both the partiesdeepak kumar the victim was hit by a motor vehicle driven by a government employee named ajay kumar in palamdeepak told the court that while he was on his way to work he stopped his vehicle after crossing palam flyover to feed a cow while he was crossing the road he was hit and suffered injuries the trial court had awarded a compensation of rs lakh to him after ruling negligence on ajays partajay challenged the trial court order based on the detailed accident report that mentioned motorcycle was not being driven dangerously or at an excessive speed and was being driven in its lane and within the permissible speed limithe sought examination of the contributory negligence on behalf of the injured through advocate trideep pais and pranav jain the court observed it is possible that despite the vehicle being driven in permissible limit an accident can occur when a jaywalker suddenly appears on the roadsuch people apart from impairing their own lives also pose a threat to the safety and security of the ongoing traffic the fact that the victim chose to walk across a busy road near the airport with heavy morning traffic he knowingly exposed himself to dangers that such risk may entail it exhibits his negligence towards his own safety the court addedquoting the detailed accident report the court said if the vehicle was in good condition being driven in the right lane at the right speed the accident which was caused at a nonzebra crossing could be attributed to the sudden appearance of the jaywalker in front of the vehiclein the circumstances a portion of the blame and negligence would have to be shared by the claimant while noting that there was a fair chance of the accident being avoided if the vehicle was being driven at the permissible limit and maintaining fair distance with the vehicle moving ahead of it the court said one has also to bear in mind that not all city roads are carefully marked for pedestrian or zebra crossingthe time of the accident was about am the visibility was clear the appellant could have well seen from some distance the movement of the pedestrian crossing the road the court added
a year old dalit woman was allegedly lynched in agra after villagers thought that she was behind the recent cases of chopping hair of sleeping women the family members of the woman who left home around am on wednesday said she pleaded that she had lost her way but they took her as one responsible for chopping women hair,a year old dalit woman was allegedly lynched in agra after villagers thought she was out to cut the hair of sleeping women the first reported fatality of what appears to be turning into a case of mass hysteriagrowing number of people particularly in rural districts of haryana rajasthan delhi uttar pradesh and madhya pradesh have reported mysterious instances of sleeping women being attacked and their hair chopped off short family members said maan devi left the home around am on wednesday but lost her way reaching a predominantly upper caste neighbourhood where people spotted her she pleaded that she had lost her way but they took as one responsible for chopping women hair in mutnai village and killed her said the victims daughterinlaw kalpana jatavlocal police first denied the death was connected to the ghost barber panic deputy superintendent of police dsp fatehabad dr tej veer singh said a case was registered including charges relating to atrocities against dalits and teams were keeping a vigil in the area where the woman was killed the police also appeared to deny that the woman was beaten to death the postmortem report of maan devi indicates she died of cardiac arrest and not due to beating singh said devis son has named two suspects both from the upper caste baghel community in his complaint where he also said that his mothers body had been thrown back in their village till thursday neither was arrestedagra and villages in districts nearby were the latest to report the haircutting mystery that seems to be spreading since first being recorded in parts of the national capital region last week officials said on friday that more sightings were reported from the region and the states inspector general issued an appeal for people to remain calmwomen in at least five states have reported waking up to the sound of scissors spotting black cats and seeing ghosts and shadows some claimed they found portions of their hair chopped off and others reported falling unconscious with fearpolice have dismissed the allegations as rumours in several of these cases and administration officials are now issuing alerts for local law enforcement to tackle fear mongering from monkey man to ufosparts of india particularly rural districts where superstitious beliefs are common have often been at the centre of mass hysteria events in the summer of people in delhi said they had spotted a mysterious monkeylike creature that appeared in the night and attacked people large colonies of the capital were gripped by fear as more and more bizarre sightings were recorded vigilante groups patrolled the streets with sticks for weeks before officials and psychiatric experts said the panic was created by figments of peoples imagination that was made worse by the media coverage at the timea year later people in eastern uttar pradesh reported spotting a lightemitting flying object that would attack them at night and scratch their face many referred to it as the muhnochwa a bhojpuri amalgam that loosely translates to face snatcher at the height of the panic people went off streets after sundown scientists from iit kanpur were roped in to investigate the event and the ruled out the existence of the creature the closest explanation they said could have been sightings of ball lightening a rare meteorological phenomenon years earlier in a more innocuous mass delusion took place when people across the country reported seeing idols of the hindu god ganesha drinking milk
an inquiry by the aircraft accident investigation bureau found that the pawan hans helicopter was flying at a critically low height resulting in its crash near bombay high in the report further mentioned that the instructor despite being aware of the low height didnt take control of the helicopter after the trainee pilot wasnt able to manage the situation,two years after a helicopter crash near the bombay high offshore oil field killed two pilots an inquiry by the air accident investigation bureau aaib found that the chopper was flying at a critically low height without the pilots realising it the pawan hans helicopter was on a training sortie on the evening of november aviation regulator director general of civil aviation dgca had asked aaibto conduct an inquiry the inquiry report which was made public on wednesday said that the main pilot was flying low and that the other did not realise it after taking off the rontappmeyer rytyr helicopter may have faced difficulties as the moon was waning the report said the report mentioned that the instructor captain e samuel wasnt disoriented and was aware of the low height of the helicopter he alerted captain tk guha a little late but even after realising that guha wasnt able to manage the situation samuel did not take control of the helicopteraaib recommended that ongc which owns bombay high along with the helicopter operators identify helidecks from where night flying can take place aaib also said that pawan hans pilots need to rest sufficiently before flying guha was flying during the night after a gap of almost a year read the report readpawan hans chopper crash both pilots on board still missingwatch maharashtra cms helicopter crashlands devendra fadnavis safe
the congress party has opened a bank called state bank of tomato in uttar pradeshs lucknow in a protest against the rising prices of the vegetable people can get interests on deposits and also get vegetables on loan in the bank i have deposited kg tomatoes will get kg after months said a man,it sounds like satire but make no mistake at a time when tomatoes have become forbiddingly pricey the congress party has opened a state bank of tomato in uttar pradeshs capital ani reported on wednesdaythis extraordinary development comes days after indore wholesalers leery of tomato thieves requested and got security cover for their stock according to news reports heavy rains in tomatogrowing states have destroyed crop and affected transportation a choke on supply which the goods and services tax regime could have possibly exacerbated lucknow up in a unique protest against the rising prices of the tomatoes congress opens bank called state bank of tomato pictwittercomlnpaaexgmuin fact denizens of major cities have had to dish out rs or more for a kilogram of the kitchen staplenevertheless an official at the indian council for agricultural research has said he expects supplies from southern states to drive down prices in the next couple of weeksfor the time being lucknow residents can obtain interest on deposits at the congress state bank of tomato and take the vegetables out on loan just like money in an actual bank ani reported i have deposited kg tomatoes will get kg after months im yearold never thought have to see this srikrishna verma customer pictwittercomplxdnsygvk and if they want to keep their red gold out of the reach of covetous hands they neednt worry the news agency reports that state bank of tomato provides lockers toowith inputs from agencies
indias food regulator food safety and standards authority of india fssai is planning to create a network to collect leftover food and provide it to the needy it is looking to connect with organisations which can collect store and distribute leftover food from weddings and large parties it further added that all food must meet the safety and hygiene standards,the food safety and standards authority of india fssai is in the process of creating a network of food banking partners to collect and distribute leftover food from large parties and weddings to the hungrya notification to create a separate category of food business operators fbos who will be licensed to deal only with leftover food has been drafted to ensure the quality of foodwe are looking at partnering with ngos or organisations that collect store and distribute surplus food to ensure they maintain certain hygiene and health standards when handling food said pawan agarwal ceo of fssaitonnes of food is wasted annually we are looking at creating a mechanism through which food can be collected from restaurants weddings largescale parties says pawan agarwal all food whether it is paid for or distributed free must meet the countrys food safety and hygiene standards he saidthe organisations in the business of collecting leftover food will now have to work in collaboration with fssai so their efforts can be scaled uptonnes of food is wasted annually and can be used to feed several thousands we are looking at creating a mechanism through which food can be collected from restaurants weddings largescale parties etc said agarwalthe initiative will set up a helpline network where organisations can call in for collection but reaching individuals who want to directly donate food will take time we will have a central helpline number reaching people at the household level may not be feasible initially but it is an integral part of the longterm plan he said we have begun collecting names of people working in the sector there are still a few months to go before the scheme materialises said agarwalcollecting food going waste to feed the hungry is a noble thought but to transport store and maintain the cold chain of cooked food is a huge challenge the logistics are a nightmare which is why we dont handle leftovers and only distribute uncooked food that can be cooked locally said kuldip nar founder of delhi ncr food bank which has been feeding the poor in cities since
the mother of harshit sharma the class chandigarh boy who got a hoax job offer call from google said that the incident devastated his life he got a call after which he shared the information with the school principal who sent out a press release harshit is hospitalised since google denied giving him a job his mother added,bharti sharma mother of the yearold boy who made headlines for getting a job offer from google and then for it being a hoax said on wednesday the incident had devastated her sons life talking to ht bharti a teacher from kurukshetra said harshit got a hoax call and not a letter informing him about his selection for the post of graphic designer harshit got a phone call we did not believe it at first i kept telling him it could be hoax said the mother he shared the information with his school principal who further released a press note which led to media coveragebharti said once the news was published and mediapersons started contacting them they too thought the job offer is genuinewe thought the principal has some confirmation she saidwhere did letter come fromhowever question remains over the offer letter that the school has provided to the media claiming that harshit had forwarded it to a teacher the letter has several mistakes and does not contain any salary details bharti maintained that harshit did not provide it to the school harshit had completed class from government model senior secondary school gmsss sector this year it was on saturday that the ut administration released a press note about harshits achievement the release claimed that the internet giant would pay him rs lakh per month as salary after a years training during training it was claimed he will get a stipend of rs lakh per monthhowever on tuesday google denied having offered paid training and job to harshit bharti said harshit hasnt eaten since tuesday and is hospitalised doctors say he is traumatised those who were congratulating us are now taunting us she saidclaiming they did not want to blame the principal or any teacher bharti said harshit only told her about the callfamily evading authoritieshowever beniwal maintained that harshit forwarded a copy of the offer letter to a teacher through whatsapp the principal alleged harshits family had been evading the authorities and there phone number were also switched off meanwhile beniwal has submitted a report to the education department after it ordered a probe on tuesdayit is learnt the principal has stated that she was on leave and got information about the boy getting a job offer through two teachers she has also forwarded messages exchanged between the teachers and harshits family and the offer letter she has also appended videos of celebrations at harshits ancestral place in kurukshetrathe report will be made public on thursday i have received the report but not seen it yet said rubinderjit singh brar ut director school education
municipal corporation of gurugram on wednesday said that out of commercial building owners have decided to pay property tax instead of providing free parking to the public notably mcg earlier offered a property tax waiver for building basements if they were used to provide free parking however the owners allegedly said that revenues from parking profited them more,only malls and commercial centres on mehrauligurgaon mg road golf course road and sohna road will offer free parking in their basements the municipal corporation of gurugram mcg announced on wednesdaythe mcg had earlier said it will waive property tax on basements if the same were used to provide free parking soon afterwards sites offered free parking but now some of the owners have agreed to pay the property tax instead of offering free parking service as a result the list has been trimmed to building owners said the revenue from parking is higher than the gains from the property tax waiverthe updated list is in the public domain on the civic bodys website wwwmcggovin as reported earlier mcg officials had reviewed the central governments notification regarding evaluation of property tax for commercial spaces and that to led to the civic body announcing the clause of tax waiver in lieu of free parking spacethe establishments offering free parking are suncity business tower paras twin towers mgf the palm springs plaza global foyer vipul tech square mpd tower augusta point paras downtown tower central plaza and centrum plaza all located on the golf course road on mg road abw tower sewa corporate park garden city point dlf corporate park platina mall and vipul agora mall will offer free parking unitech cyber park sector unitech business zone and nirvana country yard sector and unitech arcadia sector will also offer free parkingomaxe city centre omaxe mall raheja mall ild trade centre omaxe celebration mall and the sapphire mall on sohna road are also on the listthe mcg had the option of levying a property tax on the basements in commercial centres but after reading the central government guidelines an option was given to building owners that if they did not levy a parking fee on customers the property tax on basements will be waived hence for the publics benefit the mcg has placed free parking boards at these sites for their awareness mcg commissioner v umashankar saidif the sites mentioned on the list are found levying a parking fee the public can report complaints on the mcgs tollfree number or email to supportmcggovin
scientists for the first time successfully freed embryos of a piece of faulty dna that causes a fatal heart disease to run in families the disease called hypertrophic cardiomyopathy causes the heart to stop suddenly and is the result of an error in a single gene the breakthrough could lead to preventing disorders that are passed down the generations,scientists have modified human embryos to remove genetic mutations that cause heart failure in otherwise healthy young people in a landmark demonstration of the controversial procedureit is the first time that human embryos have had their genomes edited outside china where researchers have performed a handful of small studies to see whether the approach could prevent inherited diseases from being passed on from one generation to the nextwhile none of the research so far has created babies from modified embryos a move that would be illegal in many countries the work represents a milestone in scientists efforts to master the technique and brings the prospect of human clinical trials one step closerthe work focused on an inherited form of heart disease but scientists believe the same approach could work for other conditions caused by single gene mutations such as cystic fibrosis and certain kinds of breast cancerthis embryo gene correction method if proven safe can potentially be used to prevent transmission of genetic disease to future generations said paula amato a fertility specialist involved in the uskorean study at oregon health and science universitythe scientists used a powerful gene editing tool called crisprcas to fix mutations in embryos made with the sperm of a man who inherited a heart condition known as hypertrophic cardiomyopathy or hcm the disease which leads to a thickening of the hearts muscular wall affects one in people and is a common cause of sudden cardiac arrest in young peoplecrispr or to give it its full name crisprcas allows scientists to precisely target and edit pieces of the genome crispr is a guide molecule made of rna that allows a specific site of interest on the dna double helix to be targeted the rna molecule is attached to cas a bacterial enzyme that works as a pair of molecular scissors to cut the dna at the exact point required this allows scientists to cut paste and delete single letters of genetic code humans have two copies of every gene but some diseases are caused by a mutation in only one of the copies for the study the scientists recruited a man who carried a single mutant copy of a gene called mybpc which causes hcmwhen the scientists made embryos with the mans sperm and healthy eggs from donors they found that as expected about half of the embryos carried the mutant gene if the affected embryos were implanted into women and carried to term the resulting children would inherit the heart conditionwriting in the journal nature the researchers describe how gene editing dramatically reduced the number of embryos that carried the dangerous mutation when performed early enough at the same time as fertilisation out of embryos or were found to be free of the diseasecausing mutationthe work has impressed other scientists in the field because in previous experiments gene editing has worked only partially mending harmful mutations in some cells but not others another problem happens when the wrong genes are modified by mistake but in the latest work the scientists found no evidence of these socalled off target effectstheyve got remarkably good results its a big advance said richard hynes a geneticist at mit who this year cochaired a major report on human genome editing for the us national academy of sciences nas this brings it closer to clinic but theres still a lot of work to dotoday people who carry certain genetic diseases can opt for ivf and have their embryos screened for harmful mutations the procedure can only help if there is a chance that some embryos will be healthy according to shoukhrat mitalipov who led the latest research gene editing could bolster the number of healthy embryos available for doctors to implantmore work is needed to prove that gene editing would be safe to do in people but even if it seems safe scientists face major regulatory hurdles before clinical trials could start in the us congress has barred the food and drug administration from even considering human trials with edited embryos while in the uk it is illegal to implant genetically modified embryos in women the procedure is controversial because genetic modifications made to an embryo affect not only the child it becomes but future generations too its still a long road ahead said mitalipov its unclear when wed be allowed to move onin the latest study the mutation was corrected by a route that scientists have not seen before with the cell copying healthy dna from the mothers egg instead of the template one question scientists need to explore now is whether mutations carried by eggs can be corrected as easily as those carried by spermif all of this holds up for different genes and is also true when the mutation is inherited from the mother it will be a major step forward said janet rossant senior scientist and chief of research emeritus at the hospital for sick children in torontoasked about the potential for gene editing to produce designer babies rossant a coauthor of the nas report on gene editing said it was a distant prospect we are still a long way from serious consideration of using gene editing to enhance traits in babies she said we dont understand the genetic basis of many of the human traits that might be targets for enhancement even if we did a genetic alteration that enhanced one trait could have unexpected negative consequences on other traits and this would be an inherited feature for the next generationthe nas report came out strongly against any form of gene editing designed to simply enhance human potential she added
a union minister of state for home affairs informed the lok sabha on wednesday that delhis residential buildings under the central public works department were found to be unsafe another buildings under the new delhi municipal council were identified as dangerous the authorities said that they conduct surveys of unsafe buildings every year and undertake required actions,as many as residential buildings under the cpwd in delhi have been identified as unsafe the lok sabha was informed on wednesdaythe number of unsafe or dangerous buildings under the new delhi municipal council stands at union minister of state for home affairs hansraj gangaram ahir saidalso buildings have been found unsafe in areas falling under three municipal corporations with in north two in east and one in south delhithe central public works department cpwd has informed that buildings have been identified as unsafe residential buildings in delhi ahir said in a written replythe three municipal corporations new delhi municipal council and cpwd intimated that every year the survey of unsafedangerous building is carried out and necessary action for demolition of the same is undertaken it statedthe reply also said that this is a continuous process every year and corrective action is taken
the supreme court today refused to stay the exercise of nota none of the above option in the gujarat rajya sabha elections scheduled to take place on august the sc further said that the issue would be heard as a constitutional question whether nota would apply to election of council of states,the supreme court on thursday refused to stay the election commission decision allowing the nota provision in the august rajya sabha polls in gujarata bench of justices dipak misra amitava roy and am khanwilkar however agreed to examine the constitutional validity of the august notification of the poll panel allowing the nota optionissue notice we will examine it we are not going to stay the proceedings the bench said when senior advocates kapil sibal am singhvi and harin raval representinggujarat congress chief whip shailesh manubhai parmar sought an interim stay on the notificationthe bench questioned the delay by the opposition party in filing its petition pointing out that the poll panel had issued a notification on the matter in january and another circular in when it suited you you did not come you come here on the eve of elections the bench saidsibal told the court that including nota will encourage corruption its a recipe for corruptionthe nota none of the above option allows voters to reject all candidates in fray six gujarat mlas switched over from the congress to the bjp last week seen as a major blow to the prospects of the opposition party candidate ahmed patelthe congress is apprehensive of cross voting and some mlas exercising the nota optionlast week the party flew most of its gujarat mlas to bengaluru to protect them from what it says is the bjps conspiracy to lure congress legislators the petition said use of the option would be violative of the provisions of the representation of peoples act and the conduct of election rules in the rajya sabha polls the mlas have to show their ballot paper to an authorised party agent before putting it in ballot boxif a voter mla defies the party directive and casts the ballot for someone else or uses the nota option he cannot be disqualified as a legislatorbut the party is free to take disciplinary action including expulsion the defiant voter can continue to be an mla and his vote can also not be invalidated for defying the party direction according to ec rules with agency inputs
tanveer hussain a yearold indian athlete from kashmir has been indicted in the us on charges of sexually abusing a minor girl during a visit to the us for a snowshoe competition an essex county jury has charged hussain with one count of firstdegree sexual abuse and two counts of endangering the welfare of a child,a yearold indian athlete has been indicted in the us on charges of sexually abusing a minor girl days after he arrived from kashmir for a snowshoe competition india vs sri lanka updates tanveer hussain was indicted last week by an essex county grand jury for allegedly having inappropriate contact with a yearold saranac lake girl earlier this yearthe grand jury returned the indictment hussain charging him with one count of firstdegree sexual abuse and two counts of endangering the welfare of a child a report in the adirondack daily enterprise quoted a press release from essex county district attorney kristy sprague as sayinghussain had been arrested in march on charges of sexually abusing the minor girl two days after he competed in the world snowshoe championships at dewey mountain recreation centerread pu chitra gets financial aid from kerala government ck vineeth given job hussain is alleged to have subjected a yearold female to sexual contact and engaged in inappropriate conversations with said child during the time he was in saranac lake the report quoted sprague as sayingthe minor girl had told police that on the night of february two days after the snowshoe race hussain had kissed her twice and had groped herthe report added that hussain had previously denied the charges and declined a plea deal that would have let him return to india as he wanted to clear his nameread indian deaflympians demand equal treatment with paraathletes hussains lawyer brian barrett said that he was disappointed that sprague announced the indictment in a press release before notifying himthis is all about the press thats what this whole case is all about he saidhussain had garnered much attention before arriving in the us for the snowshoe championship after the us embassy in new delhi had denied him and another athlete visas around the same time president donald trump had issued an order barring travel into the us from seven muslimdominant countrieswhile india was not among the seven countries the denial of visa to hussain and the other athlete was seen associated with the executive order
bomb squads and canine teams were rushed to check a package recovered in the cargo hold area of delhi airport on wednesday officials later declared the area safe adding the suspect item was nothing but some spare parts of company maruti its xray image had raised suspicion among airport staff,new delhi aug pti bomb squads and canine teams were today rushed in to check a suspect object that was recovered at the cargo hold area of the igi airport here later declared safe after it was found that the consignment only contained some auto spare parts cisf director general o p singh said the suspect item has been declared safe and there is nothing to worry about at am an xray image of a consignment of maruti spare parts raised suspicion among the staff of the domestic cargo terminal according to sources in the bureau of civil aviation security bcas the terminal staff immediately alerted the cisf who along with a team of bcas and a bomb detection and disposal squad rushed to the spot
defending the igims marital declaration form bihar health minister mangal pandey said he checked the meaning of virgin in dictionary wherein it meant unmarried woman and he didnt find anything objectionable in it pandey added that he discussed the issue with the management who informed him that the format used was same as aiims and was being used since,bihar health minister mangal pandey has defended a controversial questionnaire put out by patnas indira gandhi institute of medical sciences igims for its staff the ridiculous marital declaration questionnaire asked igims employees to mention their marital status i looked the dictionary for the actual meaning of the word virgin it means unmarried and i dont find anything objectionable in the usage of the word mangal pandey saidhowever when the issue was brought to my notice i enquired igims management about it they told me the format used in the form is the same which is used at aiims all india institute of medical science he added the form also asks male employees to provide details if they have more than one wifewomen employees apart from declaring status regarding their virginity have also been asked to provide details on whether they are married to a person who has no other wife living or another wife livingspeaking to india today the deputy medical superintendent dr manish mandal said that the marriage declaration form with the contentious questions have been in practice ever since the institute was established in everyone has to fill this form which is part of central services rules and this form is similar to what aiims in delhi uses if the centre or aiims changes the format of the form in the future we will also change it this is not a new form and has been in practice since when igims was established said mandal also read
the members of a norwegian antiimmigrant group have been trolled for mistaking a photograph of six empty bus seats for a group of women wearing burqas the post shared on the closed facebook group fedrelandet viktigst fatherland first garnered comments like get them out of our country and could be terrorists it was shared on the group as a prank,a norwegian antiimmigrant group has been roundly ridiculed after members apparently mistook a photograph of six empty bus seats posted on its facebook page for a group of women wearing burqastragic terrifying and disgusting were among the comments posted by members of the closed fedrelandet viktigst or fatherland first group beneath the photograph according to screenshots on the norwegian news website nettavisenother members of the strong group for people who love norway and appreciate what our ancestors fought for wondered whether the nonexistent passengers might be carrying bombs or weapons beneath their clothes this looks really scary wrote one should be banned you cant tell whos underneath could be terroristsfurther comments read ghastly this should never happen islam is and always will be a curse get them out of our country frightening times we are living in and i thought it would be like this in the year but it is happening now according to thelocalno and other mediathe photograph found on the internet was posted for a joke last week by johan slttavik who has since described himself as norways worst web troll and proud of it beneath a question asking the group what do people think of thisslttavik told nettavisen and norways tv he wanted to highlight the difference between legitimate criticism of immigration and blind racism and was interested to see how peoples perceptions of an image are influenced by how others around them react i ended up having a good laughit went viral in norway after sindre beyer a former labour party mp who said he has been following fatherland first for some time published pages of screenshots of the groups outraged commentswhat happens when a photo of some empty bus seats is posted to a disgusting facebook group and nearly everyone thinks they see a bunch of burqas he asked in a post shared more than times the comments suggested the vast majority of the antiimmigrant groups members saw the photo as evidence of the ongoing islamification of norway although a small number pointed out it was in fact a picture of bus seats one warned the group was making itself look ridiculousbeyer told nettavisen im shocked at how much hate and fake news is spread on the fedrelandet viktigst page so much hatred against empty bus seats certainly shows that prejudice wins out over wisdomthe head of norways antiracist centre rune berglund steen told the site that people plainly see what they want to see and what these people want to see are dangerous muslimsnorway recently became the latest european country to propose restrictions on the wearing of burqas and niqabs tabling a law that will bar them from kindergartens schools and universities france the netherlands belgium bulgaria and the german state of bavaria all restrict fullface veils in some public placesthe countrys minority government a coalition of the centreright conservatives and the populist progress party that faces elections next month said in june it was confident it would find opposition support for the moveper sandberg then acting immigration and integration minister told a press conference that facecovering garments such as the niqab or burqa do not belong in norwegian schools the ability to communicate is a basic value
a newborn boy in maharashtras thane was found to be pregnant with own halfformed twin that was feeding off the boys blood supply the doctors said that it was a very rare condition called fetus in fetu with less than such cases recorded till date the doctors successfully operated to remove the cm fetus that weighed gram,in a bizarre medical condition a newborn baby in thane was found to be pregnant with his halfformed twin brother feeding off his blood supply the condition called fetus in fetu is so rare that only about such cases have been reported from all over the world till date the boy was born to a year old woman from mumbra on july at bilal hospital in thane near mumbaithe cm foetus weighing gm and complete with a brain arms and limbs was found behind the babys stomach a radiologist first spotted the abnormal mass during a routine scan of the pregnant motherin postnatal scans we spotted another halfformed baby with a brain arm and legs in a foetal sac in the babys abdomen radiologist bhavna thorat told german news agency dpaafter the baby was born another scan found that the twin was feeding off his nutrition and posed a life threatdoctors referred him to the titan hospital in thane where the parasitic foetus was successfully removed by a specialist team of experts it is suspected to be a rare congenital anomaly called fetus in fetu in which a malformed foetus gets absorbed into the body of its twin the team that performed the surgery at titan hospital thane photo credit neena nichlanigynecologist dr neena nichlani who was part of the team that operated on the baby said it is a case of monozygotic twin pregnancy sharing single placenta where one foetus is wrapped around the other and feeds off its hosts body as both the twins draw nutrients from a single umbilical chord the chances of survival are usually low in such cases it is a very rare condition and this is for the first time i have encountered such a case in my entire medical career both the baby and the mother are doing well she added
the north delhi municipal corporation has said that the ring road and aurobindo marg near aiims and safdarjung hospitals will be declared a nohawker zone the move is aimed at streamlining traffic movement outside the hospitals so that patients doctors and ambulances coming to the medical institutes get easier access and other commuters do not face any hassle,dozens of street vendors will have to take their wares elsewhere as authorities in delhi are gearing up to clear the perennial congestion near the neighbouring hospitals aiims and safdarjungthe area will be turned into a no hawker zone as the encroachers cripple traffic movement and also get in the way of emergency vehicleslieutenant governor anil baijal has directed the new delhi municipal council ndmc chairman to take control of the ring road and aurobindo marg stretches from the public works department pwdthe move by the lg follows repeated complaints from safdarjung hospital authorities that doctors and patients get delayed in reaching the institute on time as they get stuck in traffic outsidedr ak rai director of safdarjung hospital told mail today i have been getting complaints from patients relatives doctors and other hospital staff on being late in reaching the hospital when its the need of the hour every day it is the same issue and one gets stuck in traffic for nearly minutesa meeting was held on monday with the safdarjung director and naresh kumar the civic council chiefthe ndmc chairman formed a committee including officials and experts from the council delhi traffic police and municipal corporation of delhi mcd these two road stretches ring road and aurobindo marg would be now declared as nohawker zone strictly dr rai informedthe emergency wards of both the hospitals are crowded with critically ill and trauma patients every day and ambulances coming from the ring road side always get stuck because it is highly congested during peak hours said a doctorfor us the main issue is to improve the traffic movement naresh kumar told mail today we are looking for temporary medium and longterm solutions delhi traffic police will manage the traffic movement at the bus and autorickshaw stands moreover most of the space on the road is occupied by private cabs at the time of monsoon there should be no traffic jam at ring road and aurobindo marg all unauthorised hawkers will be removed from the entire zone kumar addedheavy rains cause massive waterlogging at the entire stretch every year hordes of street vendors and hawkers are running their business illegally in the area and blocking the way said kumarour main focus is to improve the road infrastructure from now onwards aurobindo marg is under the jurisdiction of ndmc he iteratedthe safdarjung hospital director too pointed out that a rapid rise in the number of illegal vendors has created a bottleneck outside the hospitalit is advisable to shift the bus stop on ring road side and shops in the subway of the ring road and aurobindo marg proper pedestrian path should be made said dr raiechoing similar views dr dk sharma medical superintendent of aiims underscored the importance of streamlining traffic movement in such a manner that patients and doctors coming to the hospital get a smooth passage and pedestrians and other commuters too do not face hasslesalso read
over farmers from greater noida and adjoining areas protested in dadri seeking immediate release of farmers arrested on friday for stopping a passenger train and blocking movement on the delhihowrah railway track for an hour the arrested farmers had been demanding more compensation for land being acquired by the government for construction of the eastern peripheral expressway,over farmers including women took to the streets in dadri on tuesday morning demanding the immediate release of farmers who were arrested on friday for stopping a passenger train and blocking movement on the delhihowrah railway track for nearly an hour the farmers were staging a protest demanding a hiked compensation for the land being acquired by the government for the construction of the eastern peripheral expresswaythe farmers of bil akbarpur village marched to dadri tehsil and asked the administration for an unconditional release of the farmersalso the farmers have decided to presently accept the compensation of rs per square metre offered by the district administration for acquiring their land however they said that they will challenge the acquisition in the court for enhanced compensation as their counterparts in ghaziabad have received compensation up to rs per square metrethe farmers held a meeting with the district magistrate of gautam budh nagar bn singh on monday on the issue but could not arrive at a consensusteja gurjar a farmer leader said the administration has agreed to release the arrested farmers but has asked us not to obstruct work on eastern peripheral expresswaythe district magistrate said i have met the farmers and have agreed to release the arrested men on the condition that they provide an affidavit that they will not indulge in antisocial activities such as blocking rail routes or obstructing construction work at the expressway site the compensation will be awarded as per the government norms and courts orders said singhfarmers of villages in greater noida and adjoining areas had joined hands in protest on friday demanding enhanced compensation and said they had decided not to give their agricultural land for the compensation amount proposed by the governmentin the compensation rate was decided at rs per square metre which was enhanced to rs per square metre in additionally the district magistrate has also promised to give rs lakh to each farmer family
investigators have released pictures showing how close an air canada flight came to crashing onto four planes at a us airport last month its pilots mistakenly descended towards a taxiway where four planes were parked instead of the runway before aborting the landing investigators said the incident came within a few feet of becoming one of the worst aviation disasters,newly released data and photos show how shockingly low an air canada jet was when it pulled up to avoid crashing into planes waiting on a san francisco international airport taxiway last month the air canada pilots mistook the taxiway for the runway next to it and flew their jet to just ft m above ground before pulling up to attempt another landing according to national transportation safety board information released on wednesdaythats barely taller than the four planes that were on the taxiway when the incident occurred late at night on july pilots in a united plane alerted air traffic controllers about the offcourse jet while the crew of a philippine airlines jet behind it switched on their planes landing lights in an apparent lastditch danger signal to air canada ntsb investigators said they have not determined probable cause for the incident that came within a few feet of becoming one of the worst disasters in aviation historyit was close much too close said john cox a safety consultant and retired airline pilotthe investigators said that as the air canada jet approached the taxiway just before midnight after a flight from toronto it was so far off course that it did not appear on a radar system used to prevent runway collisionsthose systems were not designed to spot planes that are lined up to land on a taxiway a rare occurrence especially for airline pilots but the federal aviation administration is working on modifications so they can agency spokesman ian gregor saidboth pilots of the air canada airbus a jet were very experienced the captain who was flying the plane had more than hours of flying time and the copilot had about hoursthe pilots told investigators that they did not recall seeing aircraft on taxiway but that something did not look right to them the ntsb saidinvestigators could not hear what the air canada captain and copilot said to each other during the aborted landing because their conversation was recorded over when the plane made other flights starting with a san franciscotomontreal trip the next morning recorders are required to capture only the last two hours of a planes flying timepeter fitzpatrick a spokesman for air canada declined to comment citing the investigation
two sunbathers a yearold man and an eightyearold girl were killed on wednesday when a light plane struck them while making an emergency landing at a beach in portugal the others had run into the sea to save themselves the two occupants of the plane which appeared to be in difficulty and had a partly broken left wing were unhurt,two people were killed when a light plane made an emergency landing on a beach near lisbon portuguese authorities have saidthe two sunbathers a yearold man and an eightyearold girl died while others ran into the sea when the plane came down on wednesdayhundreds of sunbathers were on the popular so joo da caparica beach miles km to the south of lisbon at the time officials said they were not aware of any other injuriesa plane with two people on board made an emergency landing on so joo da caparica beach striking two sunbathers and causing their deaths portugals national maritime authority said in a statement it happened very fast there was no chance to prepare to run enrique coelho who was playing with his son at the beach and saw the plane crash told local mediathe victims were hit by the plane the commander of the port of lisbon jose isabel confirmedthe two occupants of the plane were unhurt and were being questioned by officers from portugals national maritime police the small aircraft a cessna appeared to be in difficulty and wobbled as it skimmed low over the sunbathers scattering them and spreading panic on the beach witnesses saidthe plane appeared to have a partly broken left wing which hung lower than the right wing according to portuguese tv pictures local reports said the aircraft was registered to a flying school in torres vedrasthe portuguese newspaper dirio de notcias reported that the aerocondor aviation school in cascais had confirmed the aircraft a cessna csava was on a training flight with one student and one senior instructor who had high experience and thousands of hours of flying timethe dead girl was with her parents who were unhurt witnesses told local media the plane passed over the dead mans legs as he sunbathed on a towel they saidone witness rita rogado told the pblico newspaper that the plane crashed right by the sea dragging her along for a few metres in the sand some sunbathers said the plane appeared to be gliding as they heard no engine noise this article was amended on august an earlier version said so joo da caparica beach was miles south of lisbon this has been corrected to miles
the saudiled coalition in yemen is blocking deliveries of jet fuel to un planes bringing humanitarian aid to the rebelheld capital sanaa un officials said aid efforts were also hampered by delays and refusals of visas by the yemeni government officials added the saudiled coalition has been involved in yemens civil war backing the yemeni government against the houthi rebels,the saudiled coalition fighting in yemen is obstructing deliveries of jet fuel to un planes bringing desperatelyneeded humanitarian aid to the rebelheld capital sanaa a un official said tuesdayauke lootsma the country director of the un development program also reported an outbreak of meningitis in yemen compounding the cholera epidemic and the risk of famine in the worlds worst humanitarian crisisthe united nations operates two humanitarian flights into sanaa from amman and djibouti but there is no jet fuel available in the yemeni capital for the plane to make the return tripwe have difficulties obtaining permission from the coalition and from the government of yemen to transport this jet fuel to sanaa to facilitate these flights lootsma the country director for the un development program told reporters by videolink from sanaaasked why the jet fuel deliveries were blocked lootsma said its a good question i dont have an answerthe fuel must be delivered to sanaa from the port of aden which is controlled by the saudibacked yemeni governmentthe saudiled coalition has repeatedly been accused of blocking aid to yemen one of the arab worlds poorest countries which has been brought to its knees since the military campaign began in march yemens health system has collapsed during the war pitting coalition forces backing the internationally recognized yemeni government against iranbacked shiite huthi rebelsdescribing the situation as very bleak the un official said there were several new cases of meningitis detected in yemen but he could not provide detailsaid efforts are also hampered by delays and refusals of visas by the yemeni government and by the rebels in control of sanaa he addedlootsma said he saw no end in sight for the war that has left thousands dead seven million people at risk of famine and more than ill from cholera
the us air force on wednesday successfully launched an unarmed intercontinental ballistic missile from california the fourth such test this year the test will show the readiness and effectiveness of the weapon system officials said the launch comes amid concerns over north korea which recently tested two intercontinental ballistic missiles which it claims has the range to reach the us,the us air force successfully launched an unarmed intercontinental ballistic missile from california the fourth such test this yearthe th space wing says the minuteman missile launched at am wednesday from vandenberg air force base about miles kilometers northwest of los angelesan air force statement said the test would show the effectiveness readiness and accuracy of the weapon systemminuteman missiles are regularly tested with launches from vandenberg that send unarmed reentry vehicles miles kilometers across the pacific to a target area at kwajalein atollhowever the latest us launches come amid tensions with north korea as that nation develops its own icbmsflight data on north koreas most recent test conducted friday showed that a broad part of the mainland united states including los angeles and chicago is now in range of pyongyangs weapons according to analystsin response the us air force flew two b bombers over the korean peninsula on sunday in a show of force the us also said it conducted a successful test of a missile defense system located in alaskaprevious minuteman icbm launches this year were conducted in february april and may that month the air force also conducted a test of a missile interceptor launched from vandenberg the interceptor destroyed a mock warhead over the pacific
the remains of a german hiker who disappeared while climbing in the swiss alps years ago have been found embedded in a glacier police officials said the remains were found by two people climbing the lagginhorn mountain they added recently bodies of a swiss couple who went missing years ago were found perfectly preserved in the alps,the remains of a german hiker who disappeared while climbing in the swiss alps years ago has been found embedded in a glacier police said on wednesday the find was made on july by two people climbing the lagginhorn mountain in southern switzerland police said in a statement a few hundred metres before reaching the peak the hikers spotted a hand and two shoes area police said extracting the remains that day was impossible because of poor weather but rescue workers arrived by helicopter the following day removed the remains from the ice and brought them to a hospital in the capital bern for identification test have confirmed the climber was a german national born in who disappeared on august the discovery came just two days after a swiss couple who disappeared while walking in the alps in were found in a receding glacier
veteran actor dilip kumar has been admitted to lilavati hospital in mumbai following kidney complications and dehydration the doctors treating the yearold actor have said that he is stable and currently recuperating in the general ward while adding there is no cause for concern the veteran actor had also been hospitalised twice last year due to medical reasons,yesteryear superstar dilip kumar was rushed to lilavati hospital on wednesday owing to kidney complications and dehydrationdoctors said he is stable and currently recuperating in the general ward there is no cause of concernthe major reason of his admission was dehydration which simultaneously impacts other organs as well doctors at the hospital saidthe yearold bollywood actor has been facing medical complications in recent years last year he was hospitalised in april due to fever and nausea and in december to treat a swelling in his right legkumar has acted in over films in his career spanning over six decades and is known for his iconic roles in movies like devdas naya daur mughaleazam ganga jamuna kranti and karma he is also honored with padma bhushan in dadasaheb phalke award in and indias second highest civilian award padma vibhushan in the government of pakistan has honoured him with its highest civilian honour the nishaneimtiaz in follow htshowbiz for more
the mangrove society of india has listed mumbais two mangrove wetlands airoli and vikhroli among twelve unique mangrove forests in india the twelve locations were selected to help conserve different mangrove species and establish them as international tourism destinations officials said mangrove forests can sequester carbon times more than tropical forests they added,the mangrove society of india msi has put two of mumbai regions mangroves airoli and vikhroli wetlands among unique mangrove forests in the countrymangrove forests grow in creeks estuaries bays and lagoons and in intertidal areas area between the high tide and the low tide their ecosystem is believed to have evolved around million years back in tropical and subtropical regions and india has sq km of the worlds mangrove cover the unique mangroves located along indias km coastline are in gujarat maharashtra goa karnataka kerala odisha tamil nadu andhra pradesh and andaman and nicobar islands the worlds largest mangrove forests in sunderbans west bengal are also featured in the list the list was released by the msi and the goa state biodiversity board at the national mangrove conference in dona paula goa last week maharashtra is the only state to have a dedicated cell protecting its mangrove covermangroves are under threat from developmental projects and we are failing to understand the value of safeguarding the coastline from disasters and their economic value when it comes to tourism we do not have the concept of preservation in india said arvind untawale secretary msi the idea behind selecting these locations is to enhance conservation and protection of different mangrove species the biodiversity and establish them as international tourism destinationshe added that tigers in sunderbans saltwater crocodiles in odisha and birds fish crabs and the unique flora present in this ecosystem are not getting enough attention from the centre there is great potential for adventure research information conservation and management aspects which the tourism sector needs to focus upon said untawalemangroves invikhroli ht file what most people are unaware of is that india is home to a maximum number of flora and fauna species in the world said dr k kathiresan former dean and director annamalai university and from the centre of advanced study in marine biology he added that of the total species living in indias mangroves are floral species accounting for of the biodiversity and the rest are faunal species mangrove forests can sequester carbon times more than tropical forests and carbon storage is four times more than tropical temperate or boreal forests coniferous forests said dr kathiresanexperts said the tourism potential of mangroves in india unlike many other countries in the world is underexplored we have to develop such spots for people to realise its importance tourism spots will not only help boost revenue but even their protection said n vasudevan additional principal chief conservator of forest maharashtra state mangrove cell saving the natural coast guards while india has of the worlds mangrove cover environmentalists believe they are under threat from developmental projects here are the unique mangrove forest locations selected for better conservationgulf of kutch gujaratestablished in and the gulf of kutch marine national park sq km and marine sanctuary sq km are mangrove forests spread across islands with rich marine and mangrove biodiversity they are accessible from jamnagar by boats that travel km to reach these areas vikhroli mangroves mumbaiit is one of the largest ha private mangrove forests in the country more than mangrove species butterfly species bird species crab species prawn species fish species and mammals like jackals wild boards mongoose otters and leopards can be spotted at the mangrove ecosystemmangrove and marine biodiversity centre airoli navi mumbaithe centre a pet project of the maharashtra state mangrove cell was completed and opened for public earlier this year it is surrounded by a flamingo sanctuary that is spread over ha which includes ha of mangroves and ha of land adjacent to a water body to safeguard more than flamingos visiting every yearachra maharashtra the mangroves near the fishing village of achra are considered sacred htfile located near the fishing village of achra almost km away from kankavli on the mumbaigoa highway this is the most dense mangrove spot in the konkan region here the mangroves are considered sacred as the entire area is owned by rameshwar temple trust dr salim ali mangrove sanctuary goaestablished in a hectare mangrove patch at chodan located very close to panjim is home to mangrove species more than birds and large intertidal fauna the area has boat facilities walkways and observation towers for a closer look at the salttolerant plantskali nadi karnataka with the western ghats in the background the lush green mangrove cover along the devbagh creek of the kali nadi estuary near karwar karnataka is considered the most sacred mangrove forests of the state kannur kerala situated along the famous kerala backwaters and not very far from kochi large portions ha of the kannur mangrove forest were recently declared as reserved forests highest protection status after a significant mangrove cover was lost owing to developmental projects however several parts were restored by the forest department with manmade mangrove patches that cater to both marine and intertidal biodiversitypichavaram and muthupet tamil nadutwo mangrove spots along the tamil nadu coastline pichavaran near chidambaram and muthupet near pulicat lake are fed with vellary estuary waters and are rich in mangrove biodiversity the forests are famous for natural genetic cross breeding of the rhizophora mangrove species coringa and krishna wildlife sanctuaries andhra pradeshthe coringa wildlife sanctuary situated on the mouth of the godavari estuarine delta has a mangrove expanse spread across sq km it was established in and is accessible by road and by boats from vishakhapatnam established in the krishna wildlife sanctuary in guntur is spread across sq km and located at the mouth of krishna estuarythe mahanadi estuarine in odisha htfile bhitarkanika wildlife sanctuary and kendrapada mangroves odishathe bhitarkanika wildlife sanctuary along the mahanadi estuarine is known to have the highest mangrove biodiversity in asia and is famous for the estuarine crocodiles that are feetlong spread across sq km the sanctuary was established in the kendrapada mangroves have mangrove area of sq kmsunderbans biosphere reserve west bengalspread across a massive ha land along the ganges delta the sunderbans are the largest mangrove forests in the world between bangladesh and west bengal it was declared a unesco world heritage site in the swampy mangroves are also home to chitals crocodiles monitor lizards and several birdsandaman and nicobar islandstourists around teh mangroves in andaman and nicobar islands htfile established between and two national parks mahatma gandhi marine national park wandoor south andaman sq km mangrove cover and rani jhansi marine national park sq km mangroves have several islands with lush green mangrove cover and corals both locations are almost km away from port blair
jammu and kashmir police have approached the pakistan high commission asking them to claim the body of lashkaretaiba commander abu dujana who was killed by security forces on tuesday notably this is the first time the authorities have approached the high commission asking them to claim the body of any pakistani national killed in an antimilitancy operation in the state,jammu and kashmir police approached the pakistan high commission in delhi and asked them to claim the body of lashkaretaiba let divisional commander abu dujana killed by the security forces on tuesdaymunir khan inspector general of police igp kashmir told reporters on tuesday that pakistan high commission has been approached to claim the body of dujana who belonged to gilgitbaltistan area in pakistanadministered part of kashmirthis is for the first time the authorities have approached pakistan high commission asking them to claim the body of any pakistani national killed in antimilitancy operations in jammu and kashmirif they dont claim his body we will give him a proper burial the igp said adding that authorities wished dujanas parents should see their son before burial and for that reason the commission had been approachedpolice refused to hand over dujanas body to the civilians for burial the senior police officer said there was no reason to hand over the body of somebody to locals who did not belong to the kashmir valleymeanwhile hundreds of mourners attended the burial of the other let militant arif lalihaari killed on tuesday with abu dujana in hakripora villagearif was buried in his native lalihaar village of pulwama districton tuesday evening
abu ismail mastermind of the amarnath yatra attack will reportedly replace abu dujana as the kashmir division chief of lashkaretaiba let dujana was killed by the security forces on tuesday after a sevenhour gunfight in south kashmirs pulwama district notably eight pilgrims were killed and were injured in the amarnath yatra attack last month,slain lashkaretaiba let commander abu dujana will be replaced by abu ismail ismail will be the new kashmir division chief of let after dujana was killed by the security forces on tuesday after a sevenhour gunfight in south kashmirs pulwama district let commander abu ismail a pakistani national was the mastermind of the deadly attack on amarnath yatra in which seven pilgrims including six women were killed and were injured proactive operations have been launched mainly in south kashmir to track down ismail as investigations including communication intercepts have pointed out to his involvement in the attack on amarnath pilgrimsattack in anantnag appears to be a reprisal for killing of several lashkar militants including bashir lashkari in an encounter with security forces earlier this month who was abu dujana with inputs from jitendra bahadur singh also readabu dujana encounter jilted lover turned informer led security forces to let commander top lashkaretaiba terrorist abu dujana killed in pulwama encounter
explaining his frequent visits to golf clubs us president donald trump told his new jersey golf club members that he spends so much time away from washington dc because the white house is a real dump according to reports notably the white house is the most expensive house in the us and is worth almost million,us president donald trump has called the white house a real dump and said that he preferred staying at his own properties rather than at the executive mansion a media report saidthe white house did not immediately respond to a request for comment about the account which appeared on the website golfcom the hotelierturnedpotus reportedly told members of his trump national golf course in bedminster new jersey that he preferred staying at his own properties rather than at pennsylvania ave nw because the executive mansion is a real dump the washington post reported citing the article on golfcom as sayingtrump in a may interview with time magazine had praised the white house for its beautiful kitchen amazing phone system and incredible historical furniture people have no idea the beauty of the white house the real beauty of the white house trump earlier saidmeanwhile taking aim at the us president former first daughter chelsea clinton who spent most of her teen years as a white house resident spoke out in support of the white house staff thanking the ushers butlers maids chefs florists etc for all the hard work they dorepresentative dina titus a democrat also urged trump to take his family and move out of the white house if he was unhappy with conditionstrump spent a good deal of time away from the white house including of his first weekends according to cnn count mostly at his luxury maralago resort in palm beach florida
a selfstyled email prankster known as sinonreborn on twitter has fooled recentlyfired white house communications director anthony scaramucci thrice the prankster fooled scaramucci by posing as recentlyfired chief of staff reince priebus as a russian envoy and finally as one of his friends the prankster said he targeted scaramucci because he had used mental health issues as a put down,a suspected british prankster appears to have conned white house officials including anthony scaramucci into replying to him after pretending in email correspondence to be several different members of the trump teamthe man who goes by the twitter handle sinonreborn posed as jared kushner well enough to convince homeland security adviser tom bossert to reply to him according to cnn bossert included his personal email address in the exchangenamed director of communications after having been denied a white house role earlier the new york financier and republican fundraiser promptly threatened to fire everyone in his team over leaks he also staged a combative and contradictory briefing room debut and talkshow tour sought to bat away questions about suspiciously liberal pronouncements in his past and support for trumps republican enemies deleted tweets warred openly with the former chief of staff reince priebus and seemingly forced him out compared the struggle to take healthcare away from millions of americans to lincolns battle against slavery poured obscene invective about leakers priebus and steve bannon down the phone to a new yorker reporter missed the birth of his son saw his wife file for divorce and was asked to resigntrumps first national security adviser one of four generals the president has employed resigned after it was revealed he misled vicepresident mike pence over his contacts with russians during the election campaign it was later reported that yates had warned the white house flynn was vulnerable to russian blackmailthe most shocking firing of them all trump sacked his fbi director by messenger rather than in person as congressional and justice department investigations into links between trump aides and russia gathered pace lest anyone retain any doubt about why trump pressed the big red button he told nbc in a primetime interview the firing was tied to this russia thing the reverberations will be felt for some time yetthe longsuffering but loyal surrogate for the president handed in his resignationin response to scaramuccis appointment a republican insider and priebus ally he never settled into the press secretary role after an infamous debut in which he angrily insisted trumps fantastic version of crowd sizes at the inauguration were true achieving by way of melissa mccarthys lethal saturday night live impression a somewhat dubious celebrity his days at the white house were long rumoured to be numbered his departure on a point of principle having seemingly been justified only days later he may now claim a sort of hollow vindicationthe former republican national committee chair stayed loyal at least in public to trump through friday when he was told his time was up he stayed loyal after handing in his resignation too rhapsodising about the president and his mission in interviews with cnn and of course fox news but it seemed priebuss card had alway been marked less over his initial blocking of scaramucci which enraged the mooch or by his closeness to the house speaker paul ryan than by his private advice to trump to quit the presidential race after october when the infamous access hollywood gropegate tape was published the washington post reported that priebus was thus never considered a member of the oct th coalition a name for the inner cabal of trumpites who have never wavered however low their bosss reputation has sunkthe man also fooled scaramucci the white house communications director who was fired on monday by pretending to be reince priebus the former trump administration chief of staff with whom he was believed to be in open warfarein a series of emails the man posing as priebus baited scaramucci accusing him of being breathtakingly hypocritical and saying at no stage have you acted in a way that is remotely classyscaramucci responded you know what you did we all do even today but rest assured we were prepared a man would apologizethe heated exchange continued with the prankster writing i cant believe you are questioning my ethics the so called mooch who cant even manage his first week in the white house without leaving upset in his wake i have nothing to apologize forscaramucci replied read shakespeare particularly othello you are right there my family is fine by the way and will thrive i know what you did no more replies from me the white house has confirmed it is looking into the matter we take all cyber related issues very seriously and are looking into these incidents further press secretary sarah huckabee sanders told cnnreince me giving scaramucci something to think about he never replied haha pictwittercomhutjacmogran excerpt of what i emailed to scaramucci whilst playing the part of jon huntsman jr apparently this didnt seem out of the ordinary pictwittercominhjikcdthe man who described himself as a lazy anarchist on his twitter profile told cnn that his actions were meant to be humorous not maliciousim not trying to get the keys to the vault or anything like thathe has previously convinced scaramucci that he was the ambassador to russiadesignate jon hunstman and tricked hunstman himself into believing he was the presidents son eric trump he also fleetingly convinced eric trump he was his brother donald jr
a ukbased doctor manish shah has been charged with sexual offences the metropolitan police said on wednesday shah has been accused of counts of assault by penetration and allegations of sexual assault police officials added he has also been charged with one count of sexual assault on a child under,a gp who practised in east london has been charged with sexual offences manish shah of brunel close in romford is accused of counts of assault by penetration and allegations of sexual assault the metropolitan police said the yearold is also charged with one count of sexual assault on a child under the offences were alleged to have occurred at a gp practice between june and july and relate to victimsthe charges announced on wednesday follow a longrunning investigation into shah he has been bailed several times having first been arrested in he is due to appear at barkingside magistrates court on thursday august shah is registered as a doctor working with the national health service the police investigation began over four years ago after claims of sexual assault were made to detectives and uncovered a series of allegations concerning alleged sexual offencesspecialist detectives from scotland yards sexual abuse command have been involved in investigating the claims the decision to bring a series of criminal charges against shah was authorised by the crown prosecution servicethe nhs has set up a dedicated number for any individuals who may have concerns or questions on
us president donald trumps campaign could not have colluded with russia because the team was too dysfunctional and disorganised to coordinate with a foreign government the presidents soninlaw and senior adviser jared kushner has claimed notably kushner had acknowledged four meetings with russians during and after trumps presidential bid and insisted that he had nothing to hide,president donald trumps soninlaw says the trump campaign couldnt have colluded with russia because the team was too dysfunctional and disorganised to coordinate with a foreign governmentjared kushner a senior adviser to the president made the comment monday during a closeddoor session with congressional internsa democratic congressional aide says kushner was responding to a question about special counsel robert muellers investigation into whether the trump campaign colluded with moscowforeignpolicycom first reported kushners remarks the aide was knowledgeable of the meeting and confirmed the accuracy of the commentslast week kushner met privately at the capitol with members of the senate and house intelligence committeeshe acknowledged four meetings with russians during and after trumps victorious white house bid and insisted that he had nothing to hide
a woman lawmaker of pakistan tehreekeinsaf pti party ayesha gulalai has accused party leader imran khan of harassing women leaders in the party and sending them obscene text messages my integrity matters to me the most and i cannot compromise when it comes to my honour and dignity gulalai said announcing her resignation from the party,a woman parliamentarian of imran khans pakistan tehreekeinsaf pti has stirred up a major row by accusing the cricketerturnedpolitician of sending her obscene text messages and harassing women leaders of the partyayesha gulalai elected to the national assembly in from a reserved seat for women in the tribal areas bordering afghanistan also announced her decision to quit the pti because she could not compromise on her honour and dignityaddressing a news conference in islamabad on tuesday gulalai said the honour of women in the pti is not safe because of yearold khan whom she called a fake pathan gulalai who hails from the conservative south waziristan tribal region and is the sister of leading squash player maria toorpakai said khan is a characterless person who considers himself an angel but his conduct is highly indecent there was no response to the allegations from khan though pti spokesman fawad chaudhry dismissed gulalais allegations and claimed she had sold her soul for moneythe lawmaker said she had received numerous text messages from khan and the first one was sent from his blackberry in october she declined to read out the messages but asked journalists to contact the telecom authority in this context she urged the supreme court to take notice of the matter for the sake of the honour of women members of the pti as there is speculation that khan might one day become the prime minister gulalai said her decision to quit the pti had nothing to do with a case regarding khans assets that is being heard by the supreme court the criterion for awarding party tickets is entirely different in the pti she saidshe said she had the courage to come out against khan and his clan as she is a brave pathan and honour was more important to her the lawmaker went on to say that khan was more impressed by western culture and wanted to replicate it in pakistantheir change is confined to social media while workers like me work on the ground whom they call inferior workers when i used to attend meetings imran khan gave tips on how to ridicule rivals and target them she saidgulalai also accused the pti government in khyberpakhtunkhwa province of corruption and said chief minister pervez khattak was acting like a mafia bossshe rejected reports that she was joining the pmln party of former premier nawaz sharif but praised him for respecting women
harry potter author jk rowling has apologised for a series of tweets in which she falsely accused us president donald trump of refusing to shake the hand of a child in a wheelchair during an event last week rowling was slammed for not removing the tweets from her social media account after her comments were proved to be incorrect,london aug pti renowned harry potter author j k rowling has apologised for wrongly accusing us president donald trump of refusing to shake the hand of a yearold disabled child during an event the yearold british novelist best known as the author of the harry potter fantasy series said yesterday that she deleted her july tweets after she was informed that they were not a full or accurate representation of what had happened at last mondays health care event at the white house rowling came under fire for a series of nowdeleted tweets in which she slammed trump for seeming to ignore montgomery weers outstretched hand how stunning and how horrible that trump cannot bring himself to shake the hand of a small boy who only wanted to touch the president the author had said but marjorie kelly weer mother of montgomery said rowlings interpretation of the clip was wrong re my tweets about the small boy in a wheelchair whose proffered hand the president appeared to ignore in press footage multiple sources have informed me that that was not a full or accurate representation of their interaction rowling tweeted i very clearly projected my own sensitivities around the issue of disabled people being overlooked or ignored onto the images i saw and if that caused any distress to that boy or his family i apologise unreservedly she wrote trump is said to have shaken the boys hand as the president entered the room the bbc reported if someone can please get a message to jk rowling trump didnt snub my son monty wasnt even trying to shake his hand kelly wrote on facebook
substantial presence of pm reportedly the most dangerous particulate matter has been found in areas around delhis lodhi road a study by system of air quality and weather forecasting and research said its presence in the central delhi area may be attributed to the huge flow of vehicles since the particulate matter is a product of vehicular pollution reports said,a recent study has found a substantial presence in the ultrafine particulate matter pm a dangerous pollutant in central delhithe pm particle is times finer than the thickness of a human hair goes directly into the bloodstream and is potentially more dangerous than the more well known pm and pm pollutants and no one knows how much of it is in the air we breathethe lodhi road monitoring station of the system of air quality and weather forecasting and research safar under the ministry of earth sciences has recorded the average volume of pm during summer winter and the monsoon at about and micrograms per cubic metres respectively the data from the year is collected in the only station that has the technology says gufran beig project director of safarthe safe standards of pm have not been defined yet in the absence of which its potentially harmful effects have not been documented globally too there might not be a standard but pm is considered the most dangerous among all particulate matter particularly because of its size it measures around micron or less in diameter and can enter deep into the lungs and bloodstreamaccording to a central pollution control board study small particulate matter can reach the alveolar region causing heart ailments these fine particles cover a large surface area absorb toxic compounds such as heavy metals and organic compounds with high carbon content the study saidthese particles spewed primarily from vehicles factories and construction sites are not dispersed and stay suspended in the airbut why is the air in central delhi flooded with these particulatespm is a major product of vehicular combustion roads in and around the lodhi road area like other parts of lutyens delhi see a huge flow of vehicles this might be the reason behind the prevalence of this finer particulate matter it also depends on where the station is located the dispersion capacity meteorological factors among others dr dipankar saha additional director and head of the air laboratory at the cpcb told hindustan times
the ghaziabad police has booked people including congress workers for resorting to violence during protests in front of the ala hazrat haj house on monday nearly protesters had pelted stones at the police during the protest demanding that the facility be opened to pilgrims immediately the facility has remained sealed since its inauguration last year,the ghaziabad police arrested three persons and lodged an fir under sections of the ipc and criminal law amendment act against them also persons were booked for causing damage to public propertythe police have also named the involvement of unidentified persons for inciting violence near ala hazrat haj house on monday nightthose arrested include naseem khan district president of congress minority cell and puja chaddha the district president of congress womens cell other congress leaders have also been named in the fir in which the police alleged that police personnel including four subinspectors and a woman constable were injuredthe fir is lodged at sahibabad police station and we have arrested three persons in this connection teams are on the lookout for other persons and trying to identify them through video footage akash tomar superintendent of police city saida large number of locals and congress workers started gathering outside the haj house near river hindon from monday afternoon despite prohibitory orders in place in the district the police also charged them under section of the ipc which is applied only when prohibitory orders are violatednaseem khan and puja chaddha are not traceable we will protest against the police and the administration and will also hand them a memorandum about the lathi charge carried out by police on innocent people who were staging a peaceful dharna outside the haj house there were some miscreants who resorted to violence but they were outsiders said harendra kasana district president of the congressfor the last one week since the haj pilgrimage is on locals have been demanding that the newly constructed haj house which was inaugurated by former up chief minister akhilesh yadav in september be openedhowever the haj house is caught up in litigation after three residents approached the national green tribunal and demanded its demolition contending that the structure was built on land chunks of the hindon floodplainsthe tribunal on september had said in its order we make it clear that any steps or construction taken in the meanwhile shall be subject to the orders of the tribunal passed in this application sicearlier on july hindustan times had published a report listing the reasons for closure of the facility in response up minister mohsin raza had said that the decision not to make the haj house operational was taken by the previous government led by former akhilesh yadav and the present government is continuing the samethe decision was already taken by the previous government as the matter was with ngt even before the present government assumed office the decision was taken to protect the environment and the river ecology the influx of thousands of pilgrims is bound to create garbage issues in the river zone this decision was taken earlier to avoid being in contempt of court raza had saidin the meantime the district administration has deployed police and provincial armed constabulary personnel outside the haj house and are keeping a tight vigil on activities that may lead to an escalation of law and order
republican senator lindsey graham has said that us president donald trump has told him they would rather go to war to destroy north korea than allow it to develop nucleararmed missiles adding that he prefers a diplomatic approach to solve the north korean threat graham claimed there is a military option to destroy north koreas programme and north korea itself,a republican senator said tuesday that us president donald trump has told him he would go to war to destroy north korea rather than allow it to develop a longrange nucleararmed missileinfluential lawmaker lindsey graham a foreign policy hawk told nbcs today show there is a military option to destroy north koreas programme and north korea itselflast week north korean leader kim jongun boasted that his country could now strike any target in the united states after carrying out its latest intercontinental ballistic missile testworld powers have been trying to stifle pyongyangs weapons programme through united nationsbacked sanctions but have failed to daunt the regime and washington is growing frustratedgraham said if diplomacy and in particular pressure from the norths neighbour china fails to halt the programme then the united states will have no choice but to take devastating military actiontheyve kicked the can down the road for years there will be a war with north korea over the missile program if they continue to try to hit america with an icbm he said describing his discussions with trumphes told me that i believe him if i were china i would believe him too and do something about it you can stop north korea militarily or diplomaticallyi prefer the diplomatic approach but they will not be allowed to have a missile to hit america with a nuclear weapon on top
comedian sunil pal in a facebook video has accused filmmaker anees bazmee and his friend mayur barot of not paying sunil his fees for a stage show he said he had been invited by them to perform at a family function eight months ago sunil added that he is planning to take legal action against them,after accusing director anees bazme and his friend and associate mayur barot for nonpayment of dues comedian sunil pal is now planning to take legal action against both of them however anees completely denies the charges about eight months back i was asked by anees bazmee and his friend mayur barot to perform at a family function in mumbai they told me i will be paid a certain amount later but i never got my payment and while anees bazmi got busy with his film mubarakan barot kept on telling me that they were getting a cheque drawn out for me after so much of drama when nothing happened i even messaged anees bazmi saying that i am planning to file a police compliant i was shocked when he replied that i can do whatever i want to and that it wont affect him says sunil adding both of them even said that they would cast him in their films but that too never happened meanwhile the comedianactor also contacted cine and tv artistes association cintaa and they had asked him to come with a written complaint but sunil never went to the cops because he thought that filing a case would take too much time he therefore decided to make a video with a message for bazmee and shared it on his facebook page in the video he says that he is sorry that mubarakan didnt work and that its gods way of showing justice to those who wrong othersi made the video and sent it to anees bazmee around noon on monday but he didnt reply so i thought i must upload it on facebook some people have come to my support now i am planning to take legal action against both of them i wont let them get away like this adds sunil of the great indian laughter challenge famedirector anees bazmee denied the allegation brought against him by sunil palwhen we got in touch with bazmee he said that the deal happened between mayur and sunil and he has nothing to do in it i was just a mediator who introduced them beyond that i know nothing why will i do something like this for such a small amount sunil used to visit my mumbai office and he was looking for work also i never promised to cast him in my film says the welcome back director voicing a similar opinion barot points out that the reason sunil has dragged bazmees name is because he is a wellknown person sir anees bazmi has nothing to do with it sunil was looking for work and wanted to perform at this function there was no discussion regarding remuneration but then after sometime he said he wants his payment and even used foul language when i refused his false accusation is defamatory for someone like me who is just starting his journey he is producing remo dsouzas film nawabzade in bollywood i just wanted to help sunil but it backfired adds barot follow htshowbiz for more
the administration of union territory daman and diu has issued a circular making it compulsory for all employees to celebrate rakshabandhan by asking women employees to tie rakhis on the wrist of male colleagues it has been decided to celebrate the festival of rakshabandhan on august in this connection all officesdepartments shall remain open the circular read,the daman and diu administration on wednesday withdrew a circular that asked women staff to tie rakhis on male colleagues after the order triggered a backlash from employees and was ripped apart on social mediathe union territorys administration was forced to retreat within hours of issuing the circular that made it compulsory for its staff to celebrate rakshabandhan at workplaceit has been decided to celebrate the festival of rakshabandhan on august in this connection all offices departments shall remain open and celebrate the festival collectively at a suitable time wherein all the lady staff shall tie rakhis to their colleagues the order issued on august by gurpreet singh deputy secretary personnel had saidto ensure that no one skipped office an attendance report was to be sent to the government the next eveningthe two notifications one mandating the celebration of rakshabandhan left and the other withdrawing the mandate right were issued by the daman and diu administration a day apart the circular was withdrawn through a oneline order issued late in the evening by the uts department of personnel and administrative reformsthe circular is ridiculous there are sensitivities involved how can the government dictate who i should tie rakhi to we should maintain the professionalism of a workplace an official told hindustan times earlier in the day she refused to be identifiedthe notice was issued on daman and diu administrator and former gujarat home minister praful kodabhai patels direction sources saidrakshabandhan a celebration of the bond between brothers and sisters is one of several hindu festivities and rituals that are no longer confined of private family affairs but have become tools to push politic al ideologiesin the year bjp stormed to power at the centre rashtriya swayamsevak sangh rss chief mohan bhagwat said the festival had national significance and should be celebrated widely to protect hindu culture and live by the values enshrined in it the rss is the ideological parent of the ruling bjplast year women ministers in the modi government went to the border areas to celebrate the festival with soldiers a year before all cabinet ministers were asked to go to their constituencies for the festival
the united states on wednesday announced that the ban prohibiting its citizens from travelling to north korea will take effect from september all united states passports are declared invalid for travel to in or through the dprk unless specially validated for such travel the restriction read the ban will remain in effect for one year,the united states on wednesday officially set september as the start date for a ban prohibiting its citizens from travelling to north koreathe department of state has determined that the serious risk to united states nationals of arrest and longterm detention represents imminent danger to the physical safety of united states nationals travelling to and within the democratic peoples republic of korea dprk read the restriction as it appeared on wednesday in the us governments federal registerall united states passports are declared invalid for travel to in or through the dprk unless specially validated for such travel it addedan exemption was noted for approved humanitarian travel and for journalists in some circumstances the ban is to remain in effect for one year unless it is revoked sooner by us secretary of state rex tillersonthe travel ban was first announced last month in the wake of the death of american student otto warmbier who fell into a coma after being imprisoned by pyongyang during a tourist visitwarmbier a student at the university of virginia died in june after being held for more than a year on charges of stealing a propaganda poster from a north korean hotel and sent home in a mysterious coma that proved fatalafter his death president donald trump said he was determined to prevent such tragedies from befalling innocent people at the hands of regimes that do not respect the rule of law or basic human decencywarmbiers death added to already high tensions in the region over north koreas weapons ambitions culminating in two successful test launches by pyongyang in recent weeks of an intercontinental ballistic missile that experts say could reach us territory
finance minister arun jaitley has said that a proper decision would be taken on air indias future and it would be in governments interest to protect jobs at the airline noting that the airline has debt of over crore he said it is not small and now we have to decide what has to be done with air india,new delhi aug pti finance minister arun jaitley today said a proper decision would be taken on air indias future in a competitive market and that it would be in the governments interest to protect jobs at the airline his remarks come at a time when a group of ministers headed by him is working on the modalities for the divestment of lossmaking air india in a competitive market challenges are different and a proper decision would be taken on what air india has to do in such a market jaitley said in the lok sabha is mein karmchariyon ke services bachee rahen is mein hamara bhi swarth hai it will be in the interest of the government to protect the jobs at air india he said while replying to a discussion on supplementary demands for grants noting that the airline has a debt of rs crore which is not small he said now we have to decide what has to be done with the air india he also wondered for how long can tax collected from the public be given to the public sector airline the previous upa government had extended bailout package worth little over rs crore to the national carrier for a year period starting from
uk roadside repair firm aa on tuesday lost over million nearly crore or nearly a fifth of its value this came after shares fell as much as during the day after it fired its executive chairman bob mackenzie with immediate effect for gross misconduct however his son said he resigned over an extremely distressing mental health issue,the aa has fired its boss bob mackenzie for gross misconduct with immediate effect wiping nearly a fifth off the value of the company and making it the biggest faller in the ftse bob mackenzie has been removed by the board from his role as executive chairman from his other roles and as a director and as an employee of the company for gross misconduct the aa saida spokesperson for the roadside repair company said the sacking was a personal conduct related matter but gave no further details it is not believed to involve fraudhowever a statement attributed by the times to mackenzies son peter mackenzie said his father had a serious health issue and had resigned the statement said his father had tendered his resignation and resigned his directorships due to acute ill health he is very unwell and has been admitted to hospital it said the family trusts that all parties will act responsibly towards a loyal servant of the company in a manner which reflects the stress he has been sufferingthe company declined to comment beyond its initial statementthe shock announcement sent shares down as much as at one point the shares closed down wiping about m off the value of the companymackenzie has been executive chairman of the aa since when he was instrumental in a stock market flotation of the company his previous roles include chairman and chief executive of national car parks and its subsidiary green flag a rival car breakdown businessthe aa said mackenzies responsibilities would be split with simon breakwell a nonexecutive director since and a founder of the travel company expedia appointed as acting chief executive john leach who was senior independent director has been appointed as chairmanthe company had already announced plans to split the combined roles of executive chairman with the aim of appointing a chief executivein a trading update published alongside the announcement of mackenzies departure the aa said it was confident about the companys longterm prospects but its financial performance in the first half of had been hit by a number of factorsthe financial performance in the first six months has been negatively impacted by the effect of erratic work load patterns on an inherently fixed cost base this was especially true in june and july which saw significant spikes in demandwe now expect the fullyear performance to be broadly in line with that of the last financial yearthe aa said paid members totalled million in the first six months of the year an increase of compared with the same period a year earlier the company would publish firsthalf results on september at that stage simon breakwell will be in a position to provide an update on our plans the company saidanalysts at liberum noted their surprise at mackenzies departure adding that they do not believe that it is fraudrelatedthey revised down their expectations for fullyear earnings before interest tax depreciation and amortisation by to m but said the company had made progress in some areas after the accelerated stock market listing in july management had acquired a strategic asset akin to a desirable residence in mayfair where the plumbing and electrics were in need of investment the liberum analysts said we now believe that the facelift is largely completesome of the key metrics are generally encouraging although that may be lost today the transformation may have taken longer but there is tangible evidence of improvementthe aa said that existing board member andrew blowers would replace john leach as senior independent director while martin clarke continues as finance director
according to reports yoga guru ramdev and actress sonakshi sinha will be part of the judging panel on upcoming reality show om shanti om the show will be aired on life ok which is set to rebrand itself as star bharat the judging panel will also include singers shekhar ravjiani and kanika kapoor,life ok which is geared up to rebrand itself as star bharat is coming up with a unique reality show they have collaborated with colosceum media that has produced shows like roadies splitsvilla and masterchef to launch a bhajan reality show the show will be judged by yoga guru baba ramdev bollywood actress sonakshi sinha music director shekhar ravjiani and singer kanika kapoor aparshakti khurana who was last seen in super night with tubelight will host the show according to reports the shoot has already begun their first shoot was held on tuesday at a studio in powai where actor ranveer singh was the first guest on the show with guest performances by naagin actress mouni roy and rapper badshah its a youthoriented show and the contestants will be singing bhajans and devotional songs set to contemporary tunes sonakshi is the perfect combination of the traditional and the modern she also has a great connect with youngsters informed a source to times of india
actor naseeruddin shah while talking about the controversy around lipstick under my burkha said that one needs to ask a psychiatrist why the censor board is afraid of female sexuality on screen he added its very frightening to see that the censor board can do whatever it wants and practise its biases openly and ban films that it doesnt like,naseeruddin shah has watched the film lipstick under my burkha starring his wife ratna pathak shah twice and the veteran actor cant figure out why the film was initially denied certification by the central board of film certification cbfc aka censor board i really dont know what problem they had with the film i think they have a problem with female sexuality being portrayed on screen what the films success has done is that it has shown the censor board up and what they thought about the film i have seen the film twice and its a wonderfully made film that talks about whats going on in society i dont know why the censor board had a problem with that he quips the cbfc letter informing the filmmakers that certification wouldnt be given had called the film ladyoriented a perplexing word that drew much ridicule from filmmakers and actors afterwards the lipstick team got the required clearance from a parallel body this has been one of the most highprofile tussles between the censor board and film teams in recent memorywith lipsticks release stalled for almost six months director alankrita shrivastava and her team fought to get a clean chit and finally received it from the film certification appellate tribunal which asked for cuts in the film naseeruddin shah says one has to ask a psychiatrist as to why they are afraid of female sexuality on screen its very frightening to see that the censor board can do whatever it wants and practise its biases openly and ban films that it doesnt like but the success of such films prove that no one is bothered about what the censor board or the doubters think about these filmsshah also criticises the censor board for being dictatorial for starters he says they are supposed to give a film a certificate they are no authority to ban a film or stay its release but then they claim to be someone who can do that their narrowminded approach affects the film industry but nothing has been done about itfollow htshowbiz for more
amitabh bachchan has said that the opportunity of catching up on sleep on a films set for actors is a rare and gifted moment in the script while sharing a picture of him sleeping for a film scene bachchan added my sleep was genuine they actually had to come and wake me up to tell me that it was over,bollywood star amitabh bachchan who is currently shooting for his upcoming film not out says sleeping on a films set is a gifted moment in the script for an actorsleep that mechanism that has been a constant in us all like taking in air to breathe and survive and the opportunity of catching up with its loss on set is a gifted moment in the script rare but so welcome amitabh wrote on his blog on monday night amitabh also shared a photograph of himself from a films set where he was seen taking a nap the yearold actor is seen wearing a white kurta pyjama socks and a monkey cap in the image the piku actor said that with the lighting on the set one actually goes of to sleep one actually goes to sleep while the lighting and the action and the scene is being conducted such a delight and my sleep was genuine they actually had to come and wake me up to tell me that it was over he added the yearold will be seen sharing screen space with veteran actor rishi kapoor in not out the two will be working together after over two decades amitabh will also be seen in thugs of hindostan which also stars aamir khan katrina kaif and dangal fame fatima sana sheikh the film is directed by vijay krishna acharya an adaptation of the novel confessions of a thug the movie is slated for a diwali releasefollow htshowbiz for more
a video of a policeman thrashing a vendor outside a passport office in punjabs ludhiana has gone viral the victim who sells file covers at a makeshift stall was beaten by the cop after he reportedly refused to pay bribe after the video went viral ludhiana police commissioner rn dhoke initiated a departmental inquiry against the cop,after the video of a policeman hitting a man outside the passport office on link road in ludhiana went viral the commissioner of police rn dhoke on tuesday marked an inquiry to the assistant commissioner of police acp atam nagar naveen kumarthe victim gurdeep singh of khud mohalla who sells file covers outside the passport office said that on monday while he was making sales from his makeshift stall two pcr cops turned up there one of them allegedly demanded rs as bribe to allow him to continue his work and started thrashing him when he refused to paysome onlookers captured the incident in a mobile camera and put it up on facebookincharge at the atam nagar police post under whose jurisdiction the area falls asi dharminder kumar however claimed that gurdeep gave in writing in the present of people that he does not want any action on the coplater commissioner dhoke marked the departmental inquiry against the pcr cop head constable harvinder singh
a mumbai court has convicted somali pirates to years of imprisonment in a case the pirates were found guilty of attempt to murder and kidnapping for taking people hostage on board a commercial ship from thailand this is one of the four cases registered against somali pirates for holding people from different countries hostage,a session court in mumbai convicted somali pirates for years of imprisonment in a case the pirates had taken people aboard a commercial ship from thailand hostage they have been found guilty of attempt to murder and kidnapping this is one of the four cases registered in against a total of somali pirates for holding people from different countries hostage the sessions court pronounced the verdict in the first of the four cases where the pirates mother vessel carrying heavy arms and ammunitions was intercepted in and the pirates were caughtthe coast guard and navy in a joint operation then rescued the men being held hostage on the ship the men were thai nationals and the ship was called prantalaya they also captured the somali pirates who jumped into the sea and took them into custody the vessel had been captured by the pirates in they had been using it as their mother vessel since then
a teacher of a private school in haridwar district of uttarakhand has been accused of stripping two girls in front of the class for performing poorly in a test held for english subject while the parents of the girls lodged a complaint against the teacher and the school management the allegation has been refuted by the school authorities,a teacher of a private school in haridwar district has been accused of stripping two girls in front of the class for performing poorly in a test held for english subject an allegation refuted by the school managementaccording to police a female teacher at jp international public school in rural belt of landaura forcefully stripped the two girls in a bid to shame them for their poor performance in the test the incident left the girls shocked after returning home on tuesday noon they informed their parents who lodged a complaint against the teacher and the school management agitated by the incident villagers gathered with the parents at the police station and staged a protestboth the students belong to scheduled caste and therefore police are moving very cautiouslymeanwhile principal of jp inter college amita rathore refuted the allegations of the girls and their parents saying nothing such occurred in the schoolrathore termed the charges as baseless saying the parents were trying to frame the english teacher and school management to malign our imagewhatever we have to say we have told the investigating police officer how can a teacher force girl students to undress and make her roam in entire class she askeda complaint has been lodged against the teacher and police are investigating the matter superintendent of police rural manikant mishra said adding that the case has been handed over to women helpline subinspector pramila bishtparents and local peoples delegation who met me have been assured of due legal action and timebound investigation mishra saiddistrict education officer primary schools brahmpal saini said that if such an incident had taken place then it is quite shocking and a serious matter he has sought a report from the deputy education officer and promised punitive action against the teacher and school the management if the charges are found true
tmc leader dinesh trivedi has said that successive governments have short changed air india by treating it like their private properties trivedi urged the government to reconsider its decision to privatise it as the government operates bsnl and mtnl in communications and doordarshan and all india radio in broadcasting it should have a national carrier as well he added,new delhi aug pti successive governments have short changed air india by treating it like their private properties tmc leader dinesh trivedi said today as he urged the centre to review the decision to divest stake in the airline by just looking at the debt and ignoring the revival signs would be to take a narrow view of the situation the former railway minister said as part of efforts to revive the national carrier the cabinet has given inprinciple approval for divestment and the final contours are being worked out by a group of ministers if air india today is in this financial situation it was not because of air india but successive governments have shortchanged air india and treated it like their private properties and at times private airlines be international or domestic came under category of favoured airlines trivedi told pti against this backdrop trivedi said it is evident that there is potential for further growth of air india if the turnaround plan continues along with other rationalisation measures
uk tobacco company british american tobacco bat is being investigated by the serious fraud office sfo over allegations about involvement in bribery and corruption in africa bat has denied allegations of a whistleblower who handed over multiple documents to sfo however bat has said it is cooperating with uk authorities as campaigners are now urging us government to act,allegations that british american tobacco was involved in bribery and corruption in africa are being investigated by the serious fraud office despite the cigarette companys attempts to downplay the significance of a whistleblower who handed over a dossier of evidencebat now the largest tobacco company in the world after the recent merger with reynolds has consistently denied the allegations of paul hopkins whom it employed in africa for years when hopkins handed over a large number of documents to the sfo in december bat dismissed him as a rogue former employeethe company later toned down its criticism stating that it had appointed a team of external legal advisers to investigate the chargesthe sfos inquiries have now become a formal investigation in a statement it said it was investigating suspicions of corruption in the conduct of business by bat its subsidiaries and associated persons it invited members of the public to come forward with any evidence they might havethe news follows a major guardian investigation revealing that bat and other multinationals have used threats against at least eight african nations demanding they axe or dilute the kind of tobacco control measures that have saved millions of lives in the westbat said it continued to conduct its own inquiries into hopkins charges we have been cooperating with the serious fraud office and british american tobacco has been informed that the sfo has now opened a formal investigation bat intends to cooperate with that investigation it saidthe company would not confirm whether the investigation concerned the allegations made by hopkinshe has claimed he paid bribes on the companys behalf to the kenya revenue authority for access to information that bat could use against its kenyan competitor mastermind hopkins also claimed that bat kenya had paid bribes to government officials in burundi rwanda and comoros to undermine tobacco control regulationsbat hired the law firm linklaters in february to conduct a full investigation into the claims made by hopkins bat later dropped linklaters and appointed slaughter and may as sole adviser on the caselouis charalambous hopkins solicitor said bat had changed its tone we note with interest that bat have abandoned their earlier pr strategy of trying to shoot the messenger he said in a statementpaul hopkins blew the whistle during his time at bat and their internal team ignored him previously bat tried to wriggle out by saying that mr hopkins had left their employ in acrimonious circumstances when in fact that was untrue they also wrongly suggested that he had acted on his own and portrayed themselves as the victimsnow their new external law firm and revised pr strategy are silent about mr hopkins they need to go further and set the record straight the company cannot rewrite this history and we look forward to seeing them answer these allegations in due coursehopkins said he had turned whistleblower at a cost to himself i rejected an enhanced redundancy package designed to force me to sign a global confidentially agreement and just took statutory redundancy instead he saiddeborah arnott the chief executive of the campaigning charity ash said at the time the allegations of fraud in africa were first made against bat the company accused the whistle blower of having a vendetta against the company and peddling falsehoodseighteen months later and bat is having to admit its under investigation by the serious fraud office the sfo must leave no stone unturnedmatthew myers the president of the campaign for tobaccofree kids called on the us government to also investigate bat the allegations against british american tobacco are serious and should be investigated and prosecuted to the fullest extent of the law he saidas british american tobacco now operates the largest publicly traded tobacco company within the united states we urge the us department of justice to also investigate the companys alleged misconductthe bat chief executive nicandro durante told the financial times in march that the firm would act in a very strong way if wrongdoing was found to have taken place he said we are in countries so i cannot give a guarantee that everythings going to go by the bookthe sfo investigation is another blow to the company after the us health watchdog the food and drug administration announced tighter regulations on the tobacco industry which hit shares in tobacco firms
comedian and television show host kapil sharma has said that he is not suffering from depression while adding its just a big term for me he added that apart from low blood pressure he isnt facing any health issues and is feeling perfectly fine now kapil also clarified he has no stress and pressure regarding the kapil sharma shows trp,comedian and tvshow host kapil sharma has finally spoken on the rumours of his depression in an interview to dainik bhaskar kapil cleared the air surrounding his ill health and said that he merely has blood pressure problems not depressionaccording to several rumours floating around since past few months kapil has been under a lot of stress due to the falling trps of his show the kapil sharma show it depression is just a big term for me laughs apart from low blood pressure i am not at all facing any health issues i have started taking care of my diet and body i am perfectly fine now he said in the interviewmumbai comedian kapil sharma bollywood actors riteish deshmukh and vivek oberoi during the promotion of film bank chor on the sets of the kapil sharma show in mumbai on june photo ians ians kapil further explained how was busy juggling between his film and the show which led to stress for the past few months i was juggling my time between the kapil sharma show and my film firangi i was working day and night i wasnt getting much time to take care of my health also i had stopped doing regular exercises and workouts this led to developing low blood pressure now i have changed my routine and my health is completely fine he saidwhen asked whether the falling trps were the cause behind his ill health he refuted the claims entirely believe me or not i get to hear such kind of news from the media people itself nobody from sony channel has come to me and spoken about it in fact the channel people have always been kind to me they support me a lot the kapil sharma show is not going off air we are busy shooting for it he saidthere were also rumours that kapil made his guests on the show wait for hours before cancelling on them i was under a lot of pressure and thats fair enough we all have our ups and down in terms of health dont we i felt sick and thats okay it was genuine and people around me understood that however i did not keep anyone waiting on the set he saidtrps for the kapil sharma show took a nosedive since his pr nightmare of a fight with coactor sunil grover on a flight where he got physically violent with himfollow htshowbiz for more
the release of the shraddha kapoor starrer haseena parkar which was scheduled for august has been postponed director apoorva lakhia said we collectively decided to postpone the film so that it can get enough screens and a worthy run at the boxoffice earlier the films release was shifted to august to reportedly avoid a clash with jagga jasoos,shraddha kapoors ambitious project haseena parker has been postponed again and the reason being cited is upcoming big releases in august the film based on the life of dawood ibrahims sister was initially scheduled to release on july it was then slated to hit the theatres on august now in order to avoid a box office clash with shah rukh khan and akshay kumars film the makers have decided to push the release date for later the new release date is yet to be announcedshraddha kapoor as young and old haseena in the filma mid day report quoted the films director apoorva lakhia we collectively decided to postpone the film so that it can get enough screens and a worthy run at the boxofficethe movie features dawoods sister haseena parkars journey from age to and her transformation from a young girl into aapa shraddhas brother siddhanth kapoor plays the role of underworld don dawood ibrahim accused of the mumbai blasts in which hundreds of people lost their livesthe decision to postpone the film was taken last week anil thadani the films distributor the producers and director apoorva lakhia realised that august was cluttered with too many releases they realised that haseena will have to compete with two biggies that are releasing in the weeks before shah rukh khans jab harry met sejal august and akshay kumars toilet ek prem katha august what makes it worse is that besides haseena parkar there are three releases lined up for august bareilly ki barfi newton and partition it quoted a source as sayingthe apoorva lakhia directed film also stars rajesh tailang ankur bhatia and sunil upadhyay follow htshowbiz for more
actor prateik babbar while speaking about dealing with drug addiction said substance abuse is like a bad marriage even after you quit it haunts you for a while till people start noticing the turnaround he added prateik further said addiction is not a moral failing it doesnt make you a bad person even if you have made a poor choice,it took him five years and lot of courage to openly speak about his battle with drug addiction after making a promising start in bollywood prateik babbar vanished from the limelight for a good five years his absence might not have caught anybodys attention but his return has grabbed many eyeballs and why not for the first time the yearold actor has openly spoken about his battle with substance abuse when many actors shy away from talking about their issues prateik has come out in the open talking about his his long battle with addiction in an interview to mumbai mirror the actor talked about addiction recovery and his career this is what he said on addiction he has come to terms with complications of his life and has fought the demons of substance abuse it was last year when he first talked about his drug addiction and in the last one year he has been a work in progress addiction is not a moral failing it does not make you a bad person even if you have made a poor choice people still think i got hooked because it was cool for a celebrity to indulge in recreational drugs but for me it was more of an escape from reality my childhood was complicated and there were a lot of questions i didnt have answers to so i looked elsewhere for solace said prateik on acceptanceit took him a while to understand that he was an addict and he needed to get out of it as soon as possible acceptance and speaking up can help change the face of addiction it educates those who are ailing and tells others that the stereotype of people suffering is the exception rather than the rule acceptance is one of the first steps to recovery added the actor on coming outprateik came out in open about his addiction as he didnt want to keep his fans in the dark he wanted them to be aware of the dark truth of his life im a fighter and criticism is not an option for me yes one is entitled to hisher opinion and its human to be judgmental but everyone deserves a second chance the idea is to move on i want to create awareness by showcasing the boy uninterrupted so the world doesnt get to see just one side of the story said the yearold actor on recoveryit has taken him a few years to get back to his normal life and he says that with each passing day he is making an effort to better his life he said im still on the road to recovery but im proud to have turned over a new leaf substance abuse is like a bad marriage even after you quit it haunts you for a while till people start noticing the turnaround im answerable to only my conscience and yes people take me more seriously now that im no longer the hippie rave but someone committed to fitness auditions and familyon his careerhe began his career with the film jaane tu ya jaane na and went onto bag a few promising roles in the subsequent years however its been almost five years since prateik has been seen on the big screen but the actor is all set to bounce back im looking for quality work and am not embarrassed to go out and ask for it im also doing a lot of theatre with jeff goldberg because i believe it polishes your acting skills he added
producer of babumoshai bandookbaaz kiran shroff while talking about sexist comments she faced has said that a central board of film certification cbfc member asked her how she could make a film like this being a woman a male member added but she is not a woman look at what she is wearing kiran said that such thoughts were regressive,the cbfc central board of film certification seems to have forgotten that their job is to certify not censor the latest victim of their scissors is nawazuddin siddiquistarrer babumoshai bandookbaaz the pahlaj nihalaniled board ordered a whopping cuts to the film and when india today television reached out to him he said we are just doing our jobbut this is not the worst of it disparaging sexist comments were allegedly made by cbfc members about the producer kiran shroff for greenlighting a film with such abusive content according to a report in bombay times a female member asked her how she as a woman could be involved in the making of a film with so many abuses at this point a male member is said to have interjected inhone to pantshirt pehni hai yeh aurat thodi hi hainkiran told the publication they had an internal discussion for an hour after the screening first they told us that they were giving us an a certificate then they told us that there are cuts we argued that if the film is for adults then why have so many cuts they didnt bother much and continued to explain each cut and their logic behind itshe added in the middle of that a lady officer turned to me and said aap aurat hokar aisi filmein kaise bana sakti hain and before i could speak up a man in the committee said but she is not a woman look at what she is wearing i was dumbfounded this is such a regressive thought sadly this is the kind of humiliation producers have to put up with if they are judging me by my clothes i can imagine the parameters they must have used to pass my filmbabumoshai bandookbaaz has been directed to do away with abusive words as well as per cent of its humping scenes director kushan nandy was appalled and told the daily first and foremost we dont have humping scenes they are lovemaking scenes i am shocked and appalled with what has happened if you notice the cuts theres a sentence yeh kaahe ka ca hai we use such sentences in our everyday life the excuse given to us is that children also sneak into cinema halls to watch adult films how is that my problem penalise the cinema halls for this not the producers the way they have dealt with our film is insulting they humiliated kiran which is unpardonableapparently the filmmaker has been asked to get rid of a bunch of sentences with the word khada in it he met pahlaj nihalani in private to discuss the directives but the cbfc chief had a shocking response you are lucky im not banning your filmkushan said when i argued that there are no grounds to do that he retorted what are these abuses do you plan to make a dictionary of bad words he even asked me to change lines like maa ka lehenga to maa ka anchal in short the essence of what is being said is lost he told me ca ko tutiya kar do he is basically trying to teach us to make a film and finally he told me to remove the line that has khada in it he said i will never let it pass because i am abused for my song khada hai khada hai to this day ill fight this till the endpahlaj nihalani refused to comment on the matterat a media interaction today kiran shroff shared all that the cbfc members told her one cbfc board member asked kiran shroffproducer why as a woman have you made this film kushan nandydirector babumoshaibandookbaazthen another cbfc board member said ye to pant shirt pehne huye hain woman thodi hain kushan nandydirector babumoshaibandookbaaztheycbfc told us that we have given cuts in the film kiran shroffproducer babumoshaibandookbaazpictwittercomnbfbdwzhspthen pahlaj nihalani came and told me that i am lucky that my film is not banned kushan nandydirector babumoshaibandookbaazpictwittercomrhbxrejmf
actress sana khan while speaking about salman khan hugging her on the red carpet at an awards show said she cant believe that a normal hug was trending people just blew it out of proportion because salman had closed fists and some dumb people even called it an awkward hug she added while slamming those who trolled her,actor sana khan was up for a notsopleasant surprise on tuesday when a video of her hugging actor salman khan went viral for all the wrong reasons sana walked the red carpet at a recently held tv awards show in mumbai and when she spotted salman the two exchanged a hug what made it news was salmans closed fists and his shy smile i still cant believe that a normal hug was trending trolling and rolling says sana people just blew it out of proportion because salman had a closed fist and some dumb people even called it an awkward hug the actor adds that its only normal for people to wear backless clothes at a red carpet event there is always a wild side to an innocent face look for big zee entertainment awards gown by nikhitatandon earring by caratlane ring by dwarkadaschandumaljewellers styled by sayalividya a post shared by sana khaan sanakhaan on jul at pm pdt did she feel that salman was uncomfortable even for a moment sana replies who am i to make him feel uncomfortable its stupid to put somebody down by saying such a nasty thing and showing me in a wrong light its not as if i went to hug him and he didnt recognise mebut why that closed fist couldnt it be somebodys style maybe he hugs like that i dont know i think the best person whom to ask this would be salman also he has been in the film industry for over years so dont think backless even matters to him he has seen more than that laughs lets not talk like a fiveyearold and make all this sound so big says sanaim not a psychopath to hug somebody if the person doesnt want to talk to me im not someone who makes people stand and keep talking and falling on their lapsana has known salman ever since she first appeared in on the reality show bigg boss which was hosted by salman and later worked with the actor in the film jai ho lashing out at those who are calling it a forced hug sana retorts im not a psychopath to hug somebody if the person doesnt want to talk to me im not someone who makes people stand and keep talking and falling on their lap i am on good terms with salman we share a rapport i talk to him on and off weve met so many times ive been to his house and we have worked together on the sets also so theres nothing to feel awkward aboutthe actor shares that she had a brief twominute chat with salman and that may have got everyone curious for a moment salman didnt recognise me he literally told me that then he complimented me that i look very nice and i said yes ive dropped kg and he is like its showing reveals sanawas it the backless outfit that made the hug look awkward sana says well could be maybe he didnt want my back bronzer to fall on his clothes he has worked with all sexy and goodlooking actresses who would use bronzer from head to toe so he knows that and its not that he wants to feel me up or i want to feel him up i am sorry we have all grown up from that zone we need to respect each others space and gesturesfollow htshowbiz for more
dia mirza while talking about being trolled on social media said she used to get frightened by the rape and acid attack threats she received online for expressing her opinion dia added elementswho are faceless and namelesswho harass people dont need to be taken seriouslywe need to be like ducks and let trolling be like water sliding off our backs,actor dia mirza who was in delhi to walk for designer anju modi at the india couture week has not just a lovely face but also a strong mind and that is something twitter trolls couldnt digest in this era of nonstop trolling dia recalls how in her early days in bollywood she was targeted for expressing her opinion on various issues in recent times dias tweets have advocated water conservation on holi and a noisefree diwali in the earlier days when i did get trolled it really affected and frightened me because when youre told that people want to throw acid on you or they want to rape you or kill you or call you antinational because of something that youve said and they ask you to move to another country and its all new to you then it really alarms you she says the yearold actor was trolled on social media when she had tweeted and urged her fans to play a dry holi she had written the irony of the times we live in farmers commit suicide due to drought and people waste water to play holi go ahead call me antihindu the trolls were quick to tag her as antinational dia was also called intolerant when she had tweeted about wanting a crackerfree diwali now after so many years in bollywood dia takes such crude reactions in her stride the actor states that she has always voiced her opinion on issues that deeply matter to her i have continued to express my opinion i reserve my opinion for things that truly matter to me and when you express your opinion on something that deeply matters to you it doesnt matter how people construe it she says i feel that those elements on social media who are faceless and nameless who make it their business to harass people dont need to be taken seriously ive been in the public sphere long enough now to understand that we need to be like ducks and let this trolling be like water sliding off our backs the only thing that matters is our own truth the intent is what should matter adds the actor dia will be seen next in the sanjay dutt biopic by rajkumar hirani she plays the role of maanyata dutts wife speaking about her film and working with hirani he is the director of such blockbusters as lage raho munnabhai idiots and pk dia says rajkumar hirani is my favourite director dia worked with hirani in lage raho munnabhai starring sanjay dutt as munnabhai it was an absolute pleasure to be asked by him to be a part of sanjay dutts biopic hirani is one of those real people who tells stories in the most unique and honest way i have known sanju sir for many years and through the course of my interaction with him i have interacted with maanyata as well it has been such an honour and joy working with rajkumar hirani ranbir kapoor who plays dutts role in biopic anushka sharma and vicky kaushal
comedian sunil grover has said that there is no need for a mediator to resolve the feud between him and kapil sharma i know kapil very well why do i need someone else to sort things between us he added sunil further said anyway the best part is that the comedy didnt stop and its continuing from both ends,comedianactor sunil grover has stayed away from the limelight for almost five months now he quit the kapil sharma show tkss after a fight with kapil on board an aircraft as he turns a year older on august sunil says that misses his audiences as much as they miss himasked about his plans sunil says i want to entertain people and remain in this field this is what i love doing and have tried to do for all these years right now im just in the process of thinkingsunil is still reticent about the midair brawl that severed his very successful partnership with kapil quite often when you say something it shows the other person in a very bad light though unintentionally says sunil what you say is perceived to be the truth and how you see facts might not really be true and can sound demeaning for the other person with kapil ive had a great association and i have deep gratitude for the platform we shared neutral gear a post shared by sunil grover whosunilgrover on jun at am pdt recently sunil shot for a special episode as mashoor gulati his popular character on tkss to promote salman khans film tubelight did the episode make him nostalgic was there a change of heart about tkss mere heart ko hua kya tha jo change hona tha my cholesterol levels are fine and theres no blockage in my heart quips sunilin these five months many industry colleagues have tried to bring about a patchup between kapil and sunil the latter says that theres no need for a mediator i know kapil very well why do i need someone else to sort things between us says sunil we still have each others numbers and we havent changed them but im thankful to those who are still taking the initiative its so nice of them anyway the best part is that the comedy didnt stop and its continuing from both endsabout the news of kapil not keeping well owing to the dipping trps of his show sunil says i heard about this and i can only say that he should take good care of himselffollow htshowbiz for more
authorities have removed the copies of the bible and quran placed near apj abdul kalams memorial in rameswaram in tamil nadu following a complaint kalams relatives had placed the books alongside the sculpted bhagavad gita placed near the statue before its inauguration later a hindu nationalist party filed a complaint saying keeping them without permission is wrong,indian authorities have removed a copy of the bible and the quran from a new statue of a former president after a complaint by a hindu nationalist party officials said tuesdaythe removal of the books has fuelled a religious row over a carving depicting a hindu holy book placed next to the statue of apj abdul kalam at rameswaram in the southern state of tamil nadukalam who as a scientist played a leading role in indias landmark nuclear weapons tests was president from and a strongly secular figurethe sculpted hindu bhagvad gita book was placed next to the statue before it was inaugurated by prime minister narendra modi last week on the second anniversary of kalams deathrelatives placed the bible and the quran next to the gita in protest that infuriated the hindu makka katchi nationalist party which said it made the complaint to policethe authorities removed the bible and the quran at the site we are also looking at the complaint filed with us police superintendent om prakash meena said k prabhakaran a member of the hindu makkal katchi told anenglish newspaper i respect all these books but keeping them at the memorial without permission is wrong steps should be taken to see such things are not done again authorities have since prevented photographers from taking images of the statue memorial officials did not respond to queries kalam was born into poverty and sold newspapers as a child to support his family while studying his work on indias own nuclear weapon earned him the nickname of indias missile man
a yearold man was on wednesday assaulted by a mob which allegedly found him in a compromising position with a woman at a governmentrun centre in bokaro jharkhand the victim found unconscious when police rescued him from the mob has suffered multiple injuries on his head neck legs and back the man is reportedly battling for life in a hospital,a yearold man was battling for life on wednesday after he was assaulted by a mob which allegedly found him in a compromising position with a woman at a governmentrun centre in jharkhands bokaro town police saidthe man identified as sakib ansari was unconscious when police rescued him from the mob comprising odd men doctors said ansari suffered multiple injuries on his head neck legs and backover the past few months several people have been lynched in the bjpruled state over charges ranging from raping women smuggling cow and childlifting the latest incident took place at a pragya kendra a governmentrun service centre that offer facilities such as linking aadhaar number with other documents issuing caste certificates voter id cards and pan cards when people turned up at the common service centre with their respective requisitions on wednesday morning they allegedly found ansari halfnaked with a woman at the heena market pragya kendrahe was dragged out of the office premises and beaten with sticks belts shoes and slippers by the mobansari fell unconscious after the assault but the mob continued thrashing him until the police intervened sources saidthe police rushed ansari to the bokaro general hospital he was yet to regain consciousness doctors saidbokaro deputy superintendent of police poonam minz said that the police have lodged an unnamed first information report against the mob and arrested one mantu yadav in connection with the casewe have arrested one and are scanning the cctv footage to identify others who assaulted the man she saidin april a yearold man was beaten to death in saraikela kharsawan for allegedly raping a fiveyearold girl on june a yearold man was lynched for allegedly raping a widow in palamu and on june another man was beaten to death by a mob for allegedly raping an eightyearold girl in dumkapolice deployed additional security forces across the affected area to prevent the incident from snowballing into a communal conflagrationrumourmongers on social media too are under our scanner said a bokaro police official working with the cyber cell of the district
the indira gandhi institute of medical sciences igims in bihars patna has asked its employees to declare their virginity and number of wiveshusbands in a marital declaration form further the form spelt bachelor as bechelor this is not a new form and has been in practice since when igims was established deputy medical superintendent dr manish mandal said,in a ridiculous step the indira gandhi institute of medical sciences igims in patna has asked its employees to declare whether they are virgin the marriage declaration form which has come to light is applicable for hospital employees and freshly recruited doctors and nursing staffs the form also asks male employees to provide details if they have more than one wifewomen employees apart from declaring status regarding their virginity have also been asked to provide details on whether she is married to a person who has no other wife living or another wife living speaking to india today the deputy medical superintendent dr manish mandal said that the marriage declaration form with the contentious questions have been in practice ever since the institute was established in everyone has to fill this form which is part of central services rules and this form is similar to what aiims in delhi uses if the centre or aiims changes the format of the form in the future we will also change it this is not a new form and has been in practice since when igims was established said mandal elaborating on the need to extract personal details like ones virginity dr mandal said that the questions have been asked in order to avert any kind of wrong doing in the central services rules there is a provision that when a person joins the service and later on if she dies because of any eventuality there may be a claimant or boy friend who may come to seek job in place of the victim said dr mandal however dr mandal admitted that the use of word virginity was incorrectessentially what is being asked in the form is whether a person is married or unmarried personally i feel the word used should have been unmarried instead of virgin that would have been sober but what is there in the rules have to be followed said dr mandal
brihanmumbai municipal corporation is planning to redevelop eight entry points of mumbais juhu beach in the second phase by augustend authorities said as per the plan each entry point will have five metre high walls and steps with railings among others while residents welcomed the move an activist said that any beautification shouldnt affect the natural feel of the beachn,the eight entry points of the citys most popular beach are all set to get a facelift the brihanmumbai municipal corporation bmc earlier redid a km stretch of the juhu beach while the first phase of the project faced opposition from some citizens and activists juhu residents said they welcome the beautification work according to a plan proposed by bjp legislator ameet satam each of the eight access points to the beach will have m high walls bollards to restrict vehicles ramps and steps with railings welcome signs and a few lights we will use paver blocks and gabion steps steps and railings will make the beach accessible for senior citizens said an official while activists were unhappy with the plan to set up multicoloured lights on the beach they appreciated the bmcs effort to make the beach more accessible natural spaces should not be tampered with redeveloping the entrances is a good move but any beautification should not take away the natural feel of the beach said ashoke pandit convener ngo save open spaces zahida banatwala of the juhu citizens welfare group jcwg said every monsoon the access points get damaged so this is a good move but the bmc is still doing a shoddy job of cleaning the beach smita chakravarty of the ngo juhusoul of the city told ht apart from the redevelopment we also need a play area for children on the beach satam estimated the redevelopment of the access points to cost rs lakh under a rscrore juhu beach tourism plan of the eight points birla lane military road granth lane and silver beach lane have already been redeveloped the first phase of the project included themedlighting and redevelopment of the central chowpatty this is a one of its kind lighting and wont hamper the natural feel of the beach said satam officials said the second phase will be completed by the end of august and the themedlighting will be inaugurated by cm devendra fadnavis
kriti sanon when asked about hate story actress bhairavi goswamis tweet saying kriti is a deranged actress with no headlight and no bumper enquired who bhairavi is she further said im just happy for her she got a lot of publicity now you guys know her name also bhargavi had also commented that even college students look better than kriti,it was last week that kriti sanon posted a video where she is dancing to a song from mubarakan immediately kamaal r khan the serial offender posted a tasteless comment on the actor targeting the poor box office performnce of kritis last cinematic outing raabta adding her voice to the chorus was actor bhairavi goswami who last appeared in hate storytaking to twitter bhairavi wrote she is really behaving like a deranged woman how did she become an actress no headlight no bumper even college students look better the crass tweet soon got a serious backlash on twitter with many questioning who bhairavi wasbut the best reaction by far has been that of kriti herself on tuesday at an event kriti was asked by the media about bhairavis tweet who is bhairavi goswami kriti enquired when told about bhairavis filmography the bareilly ki barfi star said i think im just happy for her she got a lot of publicity now you guys know her name also so yeahnow that is badassfollow htshowbiz for more
actor tom hiddleston will star in a play on william shakespeares hamlet which will be directed by kenneth branagh the production aims to raise money for the royal academy of dramatic art the drama school attended by hiddleston tickets will be available through a lottery and winners will be able to collect them only on the day of the performance,tom hiddleston is to star in a kenneth branaghdirected production of hamlet but for only three weeks in a theatre with seatsthe production will raise money for the royal academy of dramatic art rada and promises to be one of the hottest theatrical tickets of recent years the ballot opens at noon on tuesday august and tickets will be difficult for people to get their hands onhiddleston a rada graduate said hamlet presented almost limitless possibilities for interpretationhe added kenneth branagh and i have long talked about working on the play together and now felt like the right time at the right placethe performing arts exist to bring people together not to break or keep them apart i hope the funds raised by the production will help rada continue to provide a wider field of equal opportunity to train actors stage managers and technical theatre artists from every background to a standard of excellence and professionalism we need to keep the doors open for everyonethe production is a collaboration between rada and branaghs theatre company which recently had a years residency at the garrick in the west endit will run in radas seat jerwood vanbrugh theatre in central london from september the ballot for tickets is open online until pm on august or by phone until pm on augustticket winners will be selected at random with successful entrants able to purchase a maximum of two twenty per cent of the tickets will be priced and available only to unders a further will be and the remainder in something of a first there will be no guaranteed tickets for critics with journalists welcome to take their chances in the ballotto prevent the risk of a black market people will only be able to collect their tickets up to an hour before the show with documentation to prove who they arethe money raised from the production will support the rada attenborough project which aims to raise m for the regeneration of the academys premises on chenies street including for the first time the provision of onsite accommodationbranagh said the production would be a celebration of both shakespeare and rada the play speaks as loudly as ever to our volatile world and we are proud to have tom hiddleston lead an exciting group of actors as he plays the title role for the first time this work has been in discussion and planning over a period of years to find its expression at with and for rada is a privilege he said
egypts highest islamic authority alazhar alsharif has opened a fatwa kiosk at cairo metro to offer commuters religious advice in an effort to counter extremism a sheikh said we usually talk about the issues of daily life and what religion says about such things the topics we mostly discuss are marriage divorce and inheritance,sheikhs from egypts highest islamic authority have opened a fatwa kiosk in the cairo metro to offer religious advice to commuters in what they say is an effort to counter extremismthe idea is proving popular with travellers passing through cairos alshohada metro station a busy transport hub who queue up to sit with a group of religious scholars inside a green patterned booth sheltered from the bustle of the metrowe usually talk about the issues of daily life and what religion says about such things the topics we mostly discuss are marriage divorce and inheritance said one sheikh staffing the booth for the morning commute who declined to be namedaccording to alazhar alsharif egypts top islamic body which installed the booth the project is intended to correct misinterpretations of islam the institution has frequently clashed with the government of the president abdelfatah alsisi who has repeatedly called for a religious reformation in islam to combat extremismegypt has grappled with a spike in jihadist activity since sisi came to power in including a recent string of largescale attacks on coptic christian sites as well as ongoing violence in the sinai peninsulaalazhar established in cairo in as a centre of sunni muslim learning is hoping that the booth will help steer egyptians away from extremist thoughtsheikh tamer mattar the coordinator of its international centre for electronic fatwas said that the booth was designed to direct citizens to seek advice from alazhar instead of extremist groups the experiment was successful so far and we hope that it will expand he said we can say it was successful as in the eight days of the initiative we received questions at any moment you can find tens of people waiting to present theirsthe booth operates two shifts daily welcoming visitors from am until pm yet few seemed convinced that the project would attract those with preexisting extremist tendencies to seek guidance especially as those staffing the booth noted down the identity card number of those visiting along with their complaints extremists wont come to us to seek advice said the sheikh staffing the booth for its morning shift were targeting people on the street who are ignorant of religious matters they come to us and we try to put them on the right track of moderation mohamed abuhamed an egyptian mp who has sparred frequently with alazhar over a desire for greater government regulation of the religious body and its teachings dismissed the booths the whole project is absurd it is a superficial understanding of the call to renew the religious rhetoric he saidwhen we talk about renewing religious rhetoric we mean the main content of their teachings he said if alazhar created these kiosks while thinking that this is renewing religious rhetoric then they dont get it they are doing this to evade making any real changes
pm narendra modi took a wristwatch by british company sekonda and a decorative porcelain from the external affairs ministrys repository this year all gifts received by ministers and officials have to be deposited at the repository called toshakhana however a recipient can take home gifts valued under,prime minister narendra modi his fans and followers say is a tireless man working deep into the night without keeping track of timebut from among numerous gifts modi received during foreign trips this year he took home a wristwatch manufactured by british company sekonda besides a couple of smaller items according to official documentsministers and officials have to deposit all gifts at the toshakhana the official repository of the external affairs ministryany gift valued less than rs can be kept by the recipient for gifts above rs they have to pay the additional amount said an official of the toshakhana who is from the central board of customs and excisethe watch entered as a sekonda house of commons wristwatch was valued at rs besides the watch the pm also took a decorative porcelain valued at rs among the gifts received by modi between january and march are a model of the fabled shabi housing model of the united arab emirates a decorative sculpture with argillite carving and a mont blanc ballpoint penthese six gift items among the latest entries at the toshakhanathe mont blanc pen is valued at rs and is kept at the toshakhana also deposited at the repository is the model of emirati national house valued at rs and a the decorative sculpture with argillite carving valued at rs argillite carvings are a sculptural tradition in the northwest coast of north america it first became a widespread art form from the early th century the toshakhana however doesnt reveal the source of gifts on the ground that such disclosure is not in the interest of the bilateral relationships with countriesofficials said ministers and officials rarely take home very expensive gifts home according to the records at the toshakhana in the past modi took two dinner sets worth rs and a carpet worth rs after paying the excess amountsa report said former prime minister manmohan singh took items from the numerous gifts he received during his years in officethese gifts include an ornamental silver elephant embedded with semiprecious stones paintings a bose sound system and a goldplated piaget ladies wrist watch and out of these only seven are valued above rs
the brihanmumbai electric supply and transport best is planning to shift its yearold museum from wadala to byculla zoo in mumbai authorities said the museum is far away and people have often complained they dont visit as the travel is a pain said an official the authorities expect that the shift will bring in more visitors and revenues,the brihanmumbai electric supply and transport best is planning to shift its iconic museum from the anik bus depot at wadala to byculla zoo authorities said bringing the museum to the heart of the city would attract more visitors and rake in some revenue rani baug is visited by thousands of people all through the week and during the weekends this will also help promote best buses said a best officialthe museum at the anik is more than years old and houses old bus tickets models of the electric tram ticket dispensing machines and historical photographs showing of best buses over the years the authorities want to shift the museum to the building where the zoos latest attraction the humboldt penguins are kept best authorities said it has asked the brihanmumbai municipal corporation bmc for space on the second floor of this building the anik bus depot museum is far away and people have often complained they dont visit as the travel is a pain this is why we have asked for space at rani baug said anil kokil best committee chairman
priyanka chopra has shared a picture with singer bryan adams on instagram which she captioned was so good to see you again priyanka and bryan came together to support the organisation hear the world foundation which works for people with hearing disabilities adams is known for songs like summer of and everything i do i do it for you,priyanka chopra shared a picture of herself with bryan adams on wednesday from a special photoshoot the actor and the singer smiled for the camera in the black and white selfie was so good to see you again bryanadams happy to be a part of such an amazing project heartheworldfoundation a post shared by priyanka chopra priyankachopra on aug at pm pdtwas so good to see you again bryanadams happy to be a part of such an amazing project heartheworldfoundation she wrote with the post shooting photos today of the lovely priyankachopra for heartheworldfoundation a post shared by bryan adams bryanadams on jul at pm pdtbryan also shared a slightly different selfie with her on his own instagram shooting photos today of the lovely priyankachopra for heartheworldfoundation he captioned itpriyanka had earlier worked with adams when she was signed for fashion brand guess in the two came together to support hear the world foundation which works for people and children with hearing problems actor mads mikkelsen and former supermodel cindy crawford are also a part of the foundationpriyanka was also spotted by the paps in a rose gold gown with a thighhigh slit she was strutting about on the sets of her upcoming hollywood project isnt it romantic in new york city a post shared by priyanka chopra fan page pcourheartbeat on aug at am pdt a post shared by priyankachopragr priyankagreek on aug at pm pdt a post shared by katyanka dkatpc on aug at pm pdt a post shared by priyankachopragr priyankagreek on aug at pm pdtthe film also stars rebel wilson liam hemsworth and adam devine the movie follows the life of a new york city architect natalie rebel who works hard to get noticed at her job but is more likely to be asked to deliver coffee and bagels than to design the citys next skyscraper she has an encounter with a mugger that renders her unconscious waking to discover that her life has suddenly become her worst nightmare priyanka plays a yoga ambassador while liam stars as blake a handsome client with adam as wilsons earnest best friend joshthe film has screenplay by erin cardillo dana fox and katie silberman and paula pell it is set for a valentines day release in priyanka is also working on a kid like jake with claire danes and jim parson and will be seen in quantico season follow htshowbiz for more
the income tax department recovered crore in cash from karnataka minister dk shivakumars delhi residence after it raided places linked to the incharge of hospitality for gujarat congress mlas in bengaluru meanwhile karnataka chief minister siddaramaiah said in order to meet political conspiracies it department has been used this is not fair in politics,tax officials raided on wednesday multiple properties linked to dk shivakumar a top minister in karnataka who is hosting a group of party legislators from gujarat to avoid a break in their ranks ahead of a close rajya sabha electiontax officers raided places in delhi and karnataka linked to energy minister shivakumar as part of investigations into his alleged tax evasion and dodgy investments in real estate the move triggered an angry response from the congress which accused the bjp of carrying out an unprecedented witchhunt party leaders raised the matter in parliament protesting noisily and forcing multiple adjournments in the rajya sabha in lok sabha the party also staged a walkoutthe congress has accused the bjp of using money and muscle power to engineer defections among its legislators in gujarat where senior party leader ahmed patel is seeking reelection to the rajya sabha on august but the government said the eagleton the golf village where the gujarat legislators were camping had not been raided finance minister arun jaitley told parliament that only shivakumar who was trying to hide behind the cover of the lawmakers at the resort had been taken for questioningjaitley told the lok sabha that tax officials found that shivakumar was tearing up documents at the resort we recovered those papers as well he saidas the congress accused the government of using its agencies such as cbi enforcement directorate and income tax to target the opposition leaders jaitley said whether it is a use or abuse it depends on recovery from the raidslast week the congress flew legislators to a resort on the outskirts of the capital of karnataka where the party is in power to keep the flock together six of its legislators have quit the party and three of them crossed over to the bjp more defections can jeopardise patels chances of reelectionparty spokesman and gujarat mla shaktisinh gohil contradicted the bjp saying tax officials entered their resort ashok gehlot congress gujarat incharge said our mlas are being threatened money was offered and raids are being conductedhis party colleague anand sharma said there is a trend now of abusing state power and agencies of the state the timing is important and significant this minister was coordinating the safety of the mlasshortly after the raids began patel hit out at the bjp in tweets bjp is on an unprecedented witchhunt just to win one rajya sabha seatbjp is on an unprecedented witchhunt just to win one rajya sabha seat ahmed patel ahmedpatel august after using the state machinery and every other agencythese it raids show their utter desperation frustration ahmed patel ahmedpatel august read more congress parades gujarat mlas says bjp tried to bribe them ahead of rajya sabha pollscongresss leader in rajya sabha ghulam nabi azad asked why the raids were taking place today and not a month later or beforebut an it department statement later denied the raids were related to the stay of the gujarat mlas it said the searches were part of an evidencegathering exercisethe search is a continuation of an investigation which has been in progress for a considerable period of time it said adding the timing of the raids had been decided well in advance there has been no contact with the mlas from gujarat and the search teamwith agency inputs
actress swara bhasker while addressing pay disparity in bollywood has said that if as an actress she works for as many days as an actor then she should also expect an equal amount of pay swara added if you see in hollywood women are taking up this whole question of equality so why cant bollywood take its cue from them,whether it is nepotism feminism or sexism actor swara bhaskar has never held back from expressing her views on sensitive subjects while most actors in bollywood are acquainted with the prevalence of pay disparity in bollywood very few actually muster the courage to come out and talk about it swara however has been quite vocal in this regard rooting for equal pay for equal work swara says i am not saying that if i being a female actor work for days i should expect the pay that an actor gets for days of work but definitely if i am working for days then i am expected to get an equal amount of pay as my male counterpart all set for screening of anaarkaliofaarah as part of jagranfilmfestival in varanasi in poshpride palazzo sari with aareeaccessories tassel earrings amrapalijewels ring styled by rupacj at am with thanks dipublicrelations hmu saritastyling sareewithswag desiisthebest fusion indianwear fashion iloverupa a post shared by swara bhasker reallyswara on jul at am pdt and its not just the question of money that swara feels needs to be addressed the actor who has worked in films such as tanu weds manu raanjhanaa prem ratan dhan payo and anaarkali of aarah asserts that even the roles being offered to female actors need to be at par with menalthough swara agrees that things are slowly changing she adds that there will be more progress only when female actors start being a little more assertive in hollywood women are taking up this whole question of equality and i think thats fantastic so why cant bollywood take its cue from themone thing is for sure that nobody is going to put that on a plate for you female actors really have to fight for what we want if you see in hollywood women are taking up this whole question of equality and i think thats fantastic so why cant bollywood take its cue from them says the actor stating that no movement gains momentum unless people fight for itnobody gave black people civil rights in the s on a platter they suffered for a very long time the same thing goes for the dalits too so it holds true for women in films too says swaraon the work front swara will next be seen in veerey di wedding also starring sonam kapoor and kareena kapoor khanfollow htshowbiz for more
costumes worn by actors judi dench and aii fazal during the shooting of the film victoria abdul will be displayed at queen victorias home the osborne house in the uk they will go on display for public friday onwards most of the scenes from the film were also shot in the same house,bollywood actor ali fazal is certainly going places with his upcoming film alongside judi dench victoria and abdul the film is already being screened at several film festivals including venice international film festival and toronto international film festival we have now learnt that the costumes used during the shoot of the movie will be displayed at the osborne house in the ukthe dresses from victoria and abdul shoot being displayed at osborne housedirected by oscar nominee stephen frears victoria and abdul is based on the friendship between queen victoria and her most trusted clerk abdul karim while dench plays the titular role of queen victoria ali plays abdul who was the queens munshi adapted from author shrabani basus book by the same name and directed by british filmmaker stephen frears the film is set to release in september this yearmultiple costumes were designed for both the lead actors keeping the stature and royalty of the era of late s in mind a dress that judi dench wore in the film being arranged for the displayall the costumes will be go on display friday onwards for public viewing at the osborne house located at isle of wight in the uk most of the scenes from victoria and abdul were also shot in the same house ali fazals dress being prepared for the displayalso it will be one of the first films to be shot inside the former royal residence so thats one more feather added to the cap of the films achievement osborne house holds significant place in the history of britains royalty it was built in mid s for the queen and prince albert all the costumes worn by judi and ali will be on display at the museum site of inside the house ironically queen victoria breathed her last in the same palace which is now open as tourist attractionfollow htshowbiz for more
filmmaker imtiaz ali has revealed that when he first met shah rukh khan a drunk girl was hanging on to him it was in london for a film festivalhe was dealing with her so gracefully without demeaning her he added imtiaz further said gauri srks wife was also with him and everybody was trying to deal with this crazy fan,even after two and a half decades in bollywood shah rukh khan continues to make women go weak in the knees just by flashing his dimpled smile jab harry met sejal director imtiaz ali told dna about the time he first met srk and it will have the actors female fans fall more in love with himit was in london for a film festival we all were hanging out and i saw shah rukh coming up a very narrow aisle somewhere in the hotel with a drunk girl hanging on to him he was dealing with her so gracefully without demeaning her the filmmaker saidimtiaz said that shah rukh was extremely gentle with the girl and did not lose his cool at any point of time gauri khan shah rukhs wife was also with him and everybody was trying to deal with this crazy fan he was particularly being nice to the girl when he saw me he stopped and we had quite a long conversation even as the girl kept murmuring oh shah rukh oh shah rukh all over him he was dealing with her like how one would deal with a scarf he put her arm on one side of the shoulder and continued to talk to me he addedshah rukh and imtiaz are collaborating for the first time in jab harry met sejal which also features anushka sharma the film is set to release on august also read shah rukh khan almost had us believing varun dhawan and alia bhatt are in love
yogi adityanath government has approved making the registration of marriages compulsory for all religions and castes in uttar pradesh the approval comes in wake of a supreme courts verdict which asked centre and state governments to draft rules for making marriage registration compulsory reportedly fine will be levied for delay up to a year and beyond that,the uttar pradesh cabinet on tuesday approved a proposal to make registration of marriages compulsory for every resident of the state regardless of religion or communitychief minister yogi adityanath presided over a cabinet meeting to adopt the uttar pradesh marriage registration rules which stipulates compulsory registration of marital alliances and lays down penalties for any delay in this regard though the fines are not particularly hefty rs for delay up to a year and rs beyond that period it is liable to increase over time we took all sections of society into confidence before taking a decision on the issue health minister siddharth nath singh told mediapersons later in the dayhowever singh admitted that the cabinet did not concede to demands from a few muslim clerics who wanted their community exempt from having to furnish photographs of the bride and groom yes they made such a demand because the nikahnama the islamic marriage contract does not carry images but if photographs can be submitted to procure documents such as aadhaar cards i dont see why the same cannot be done for marriage registration he saidwhile the stamps and registration department will double as the nodal agency for marriage registration the government will launch an online portal to ensure easy access the centre had already made marriage registration compulsory across the country in keeping with a supreme court ruling uttar pradesh was among the only two states that had failed to implement the directive an anomaly that minister for women welfare and tourism development rita bahuguna joshi had earlier vowed to rectify we will implement the supreme courts order in the state a cabinet note is being prepared and the same will be sent for the cabinets approval she had saidthe erstwhile samajwadi party government had deferred taking a decision on the matter in view of strong objections from muslims community leaders maintained that as the nikahnama contains all the relevant details pertaining to marriages the state should treat it as a valid substitute for the registration certificate
the national green tribunal ngt on tuesday directed the irrigation departments of delhi and uttar pradesh to remove debris from the yamuna floodplains within three weeks the ngt added that any inaction on part of authorities cannot be tolerated notably the tribunal has reconstituted the principal committee responsible for overseeing the execution of the yamuna cleaning project,the national green tribunal ngt has asked the delhi and uttar pradesh governments to remove debris on the floodplains of the yamuna it said indiscriminate dumping of waste was a direct source of pollution in the river a bench headed by ngt chairperson justice swatanter kumar said the department of irrigation of delhi and up would have to carry out these directions the debris on either side of the river yamuna if not already removed shall be removed within three weeks the bench said the green court said work to rejuvenate the yamuna should not be stopped unnecessarily as pollution was rising daily and any inaction on part of authorities cannot be toleratedin the interest of environment and public health the government and all authorities concerned must perform their function and ensure that the yamuna is rejuvenated to its original pristine status now the project is being carried on in a planned scientific and implementable manner and any obstruction in that behalf will not be tolerated the bench saidthe tribunal reconstituted the principal committee formed to see the execution of the cleaning of the yamuna and included shashi shekhar former secretary of ministry of water resources as a special inviteeit also convened a meeting of stakeholders including officials from delhi haryana himachal pradesh and uttar pradesh on august at pm at the tribunal to discuss the cleaning and rejuvenation of the yamunaduring the hearing the counsel appearing for the delhi government told the ngt that steps were being taken by the delhi jal board to ensure that work to clean the yamuna was completed with utmost expeditiousnessin relation to the project report of the second phase of the yamuna cleaning it is submitted that it has already been filed before the tribunal as well as sent to the principal committee ministry of water resources the bench notedthe directions came when the ngt was hearing a plea on the monitoring of implementation of the maili se nirmal yamuna revitalisation project projectthe tribunal had earlier banned open defecation and dumping of waste on the floodplains of the yamuna and announced an environment compensation of r for violation of the order
speaking ahead of his final appearance on the field at the upcoming world championships eighttime olympic gold medallist usain bolt warned his fellow athletes that they must stop doping otherwise track and field will die on being asked about how he would feel in the m final at the upcoming world championships bolt said unbeatable and unstoppable,usain bolt has issued a stark warning to his fellow athletes that they must stop doping otherwise track and field will die the triple olympic m and m champion insisted that the sport was on the mend following the staggering revelations of statesponsored doping in russia but conceded more needed to be done to tackle the scourge of performanceenhancing drugsi dont think it gets any worse than that he said referring to the problems in russia which he agreed had left the sport at rock bottom but its on its way back up now hopefully athletes will see whats going on and understand that if they dont stop what theyre doing the sport will die and hopefully they will understand what the sport is going through and what they need to do as athletes to help it move forwardbut bolt who will hang up his spikes after the world championships in london which start on friday said he was still optimistic that these perennial problems could be tackled you cant be happy about doping at all its not good for the sport he added but over the years were doing a better job its getting clean and were catching up to a lot of athletes theres an understanding that listen if you cheat you will get caught over time the sport will get betteri said a couple of years ago it had to get really bad when theres nowhere else to go but up the only way track and field has left to go is upbolt has raced only three times this season and last month appeared to be struggling with a back injury but he insisted he was still the man to beat in the m the qualifying rounds for which start on friday for some reason i am the underdog he said that is what my team keep telling me so i have to prove myself once more but i am confident in my abilities always when i go out there i am fully confident and ready to go the last m race i ran was a sec which shows i am going in the right direction it is all about who can keep their nerves i have been here many times and i know i am ready it is go timebolt who turns later this month also gave an emphatic answer when asked how he would feel on saturday night after the m final unbeatable he said usain bolt has retired unbeatable over that event for me that will be the biggest headline unbeatable and unstoppablethe jamaican also insisted that he had been provided with extra motivation to win yet another world title following the tragic death of his close friend germaine mason the olympic silver medal winning high jumper in a road accident in aprilit was a rough time he said i have never had someone who passed away so close to me i didnt train for three weeks my coach gave me my space he gave me my time to get over it but at some point the close net of people i was with said listen to us usain i know it is hard but you need to get back training because germaine would have wanted it he was looking forward to coming to your last race and seeing you compete and finishing off your legacythat really helped me get going again it was hard but now i really want to do it for him and his family and all the friends that supported me in the hard times
a minor fire broke out in the basement of former delhi chief minister sheila dixits house in delhis nizamuddin on wednesday morning we got a call at around am about a fire we sent two fire tenders to the spot the electricity metre board had caught fire said a fire official no damages have been reported in the incident,a minor fire broke out in the basement of former delhi chief minister sheila dikshits house in central delhis nizamuddin east on wednesday morningfire control room officials said that the fire started in the electricity metre board in the basement of the house we got a call at around am about a fire we sent two fire tenders to the spot the electricity metre board had caught fire said a fire officialthe official said that the fire was minor and put off without incidentthe fire was extinguished even before we reached the spot it was a very minor incident said the delhi fire services chief fire officer atul garg
a woman in keralas kochi area bit off the tongue of a neighbour on monday night when he allegedly tried to rape her the woman filed a police complaint against her yearold neighbour and produced a two centimetre strip of the tongue at the police station the accused allegedly had similar charges against him earlier,a woman in keralas kochi bit off the tongue of a neighbour on monday night when he allegedly tried to molest her police saidthe woman filed a police complaint against her yearold neighbour and said she bit off the tongue when he allegedly tried to force himself on her and kiss her she also produced a cm strip of the tongue at the police stationpolice said the man was booked under section criminal trespass assault with the intention to outrage modesty of a woman and attempt to rape of the indian penal code the man was allegedly had similar charges against him earlier and has been remanded to judicial custody for a weekthis is the second highprofile sexual assault case to surface in the southern state in two months in june a yearold law student told police she cut off the genitals of yearold godman in selfdefence when he made sexual advances towards her but weeks later she accused the police of forcing her to make statements and said the godman never hurt herin kochi the woman told police she stepped out of her house on monday night when he allegedly jumped at her but fled after she attacked him after her complaint police alerted all city hospitals and found the man undergoing a surgery at a private hospitalthe man had told hospital authorities that he injured his tongue in a bike accident and was arrested after the surgery was over and he was discharged doctors at the hospital said as he received serious injuries on the tongue his speech will be slightly impairedan earlier version of this story used a photo of a woman who has no connection with the case the photo has been changed
a yearold haryana girl has been found to be sevenmonths pregnant after two of her cousins allegedly raped her several times the incident came to light after she complained of stomach ache and was taken to the hospital on july the police have arrested one of the accused who is a juvenile while the other is on the run,a yearold girl was found to be sevenmonth pregnant after two of her cousins allegedly raped her several times police said they have arrested one of the accused a juvenile while the other is on the run the incident reported from a village in sonepats kharkhoda block comes close on the heels of a series of similar incidents being reported from the state in the last two months the police said the girl was taken to a hospital by her family on july after she complained of stomach ache the victim then narrated her ordeal to her mother she said she was first raped by her cousins in december last year when they barged into her house when she was alone the accused allegedly continued to rape her threatening to kill her parents if she informed anyonethe girl a school dropout did not inform anyone out of fear the police have registered a case under the prevention of children from sexual offences pocso act and other sections of the indian penal code ipc against the two kharkhoda station house officer sho pradeep singh said the arrested boy was produced in court which sent him to juvenile home doctors at the rohtak civil hospital have ruled out abortion at this stage maintaining that it could be lifethreatening to the minor girl the medical termination of pregnancy act in india allows abortion up to weeks of pregnancy
actress koena mitra has filed a sexual harassment complaint after receiving lewd phone calls from a stranger the man reportedly kept calling her offered her money for a night out and verbally abused her from july i started getting calls from random numbers said koena she decided to approach the police when the calls didnt stop coming,bollywood actormodel koena mitra has registered a case of sexual harassment against a stranger in mumbai a mid day report said that koena received a call and a stranger asked her for a night out the man kept calling her despite being rebuffed koena reportedly got calls from unknown numbers over last one week when she picked up one of the calls saturday evening the caller offered her money for a night out and even abused koena the report said she then approached oshiwara police station and filed a complaintthe tabloid quoted a cop as saying we have booked the caller under section word gesture or act intended to insult the modesty of a woman of ipc and are investigating the case furthertalking to indiacom koena said that she is awaiting further action in the case talking about the harrowing experience she said from july i started getting calls from random numbers many among them being mumbai numbers too they called me nonstop i changed my handset too usually i dont take a call from an unknown number but once i answered he started talking nonsense and filth it took me seconds to react i was literally frozen and after a few minutes i was just angry and fired him and after that there was a marathon of calls i was tired of answering the calls a day later he called again and i fired him and he abused me in marathi when the calls didnt stop coming she decided to approach the policethe yearold actor began her tinsel town journey with a special song in ram gopal varmas road called khullam khulla she then appeared in several films including heyy baby apna sapna money money and musafirfollow htshowbiz for more
as many as of or of ministers in the new bihar cabinet face criminal charges against them higher than the ministers in the previous grand alliance government further ministers are crorepatis a little less than in the previous government also a minister in the new cabinet earns an average crore,twentytwo of the ministers in the newlyappointed nitish kumar cabinet in bihar face criminal cases against thema report by election watchdog association for democratic reforms adr based on affidavits filed by candidates to the election commission of india eci said ministers face criminal cases this is three more than the previous mahagathbandhan grand alliance government of the rashtriya janata dal rjd janata dal united and the congress in which of the ministers were taintedbihar chief minister nitish kumar had on july distanced himself with the grand alliance citing allegations of corruption against deputy chief minister and rjd leader tejashwi yadav the same evening he took the support of the bharatiya janata party bjpled national democratic alliance nda to stay at the helm in the state the new ministers were sworn in on july of the tainted ministers in the new cabinet nine mentioned in their affidavits facing serious criminal cases against them two of kumars party ministers even face attempt to murder charges under section of the ipc against them many other ministers face cases of dacoity theft fraud and atrocities against theminterestingly the average income of a minister in the new cabinet is rs crore even as the percentage of crorepati ministers dropped marginally this time as compared to kumars previous government while ministers were crorepatis in the ga government are crorepatis in the jduled nda governmentlabour resources minister and bjp mla from lakhisarai vijay kumar sinha has properties worth rs crore while urban development department minister and bjp mla from muzaffarpur suresh kumar has properties worth rs crore water resources and planning minister and jdu legislator from munger rajiv ranjan singh has properties worth rs crore
lakshmibai college will be the first college in the university of delhi to start a crche facility for the children of its teaching and nonteaching staff in august college principal said the teachers would be able to focus more on their work without worrying about the children the crche will consist of two rooms a pantry and a play area,in a first a delhi university college is starting a crche for its teaching and nonteaching staff who have to juggle between work and taking care of their young childrenlakshmibai college in ashok vihar will start the crche in august teachers can bring their children to the crche which will be functional between am to pmcollege principal pratyush vatsala said the move will help teachers focus on their work without constantly worrying about their childrenas a young teacher i was constantly worried about my kids if i had a crche at my work place then it would have made my life so much easier a young child needs constant care she saidthe crche will have a working pantry and at least two support staff to take care of the childrenthere will be two rooms one play area and a pantry we are also planning to renovate an empty garage to be used for older kids where they can do their homework and other things she saidpermanent teachers get a maternity leave of six months and child care leave of two years which they can take in breaks or one gosonica sihngvi a teacher of economics at the college who is currently on childcare leave said the crche will be of great help to her and other parents with toddlersi was really worried about leaving my child in the care of a nanny now i can take my classes without having to worry about my child as i can check on him in the crche in between classes and breastfeed him she saidvatsala said work places need to have such facilities for their employees as it will lead to better results if the employee is free of tension then he or she can focus on work better it is good for the individual as well as the institution she saidteachers will have to pay rs per month for availing the facility the initial building cost is being borne by the college but the recurring expenditure will be borne by the teachers availing the facility she said
an ongoing study has found that vehicles traveling on average crowded roads consumed nearly oneandahalf times more fuel per kilometre compared to good fuelefficient roads in delhi and its suburbs the motorists hence end up spending more said a member associated with the study the cumulative wastage of fuel would allegedly be an extra burden on indias oil imports bill,if you drive a car in delhi and its suburbs then bad and crowded roads are burning a big hole in your pocketan ongoing study on how much fuel is wasted because of potholed roads and bad traffic has found that vehicles travelling on average crowded roads consumed nearly oneandahalf time more fuel per kilometre compared to good fuelefficient roads the figure is expected to rise to three times during the next phase of the study to be conducted on inferior road stretchesthe study commissioned in may released its preliminary findings last week involving a sports utility vehicle with a mileage of kmlitre subsequent tests will be conducted with small cars and loaded and empty trucks the findings use a threetier grading system to assess road conditions traffic congestion is also a parameterthe council of scientific and industrial researchcentral road research institute csircrri conducted the study it was found that an suv consumed about millilitres of fuel per kilometre when it travelled on the noida expressway considered a good fuelefficient road the same vehicle consumed about millilitres of fuel for every kilometre when travelling from noida expressway to kalindi kunj and onto jasolathe consumption was even higher at millilitres per km when the vehicle travelled from botanical garden to kailash hospital in noida the initial findings of the study conducted on two road stretches in delhi have revealed that delhiites could be consuming at least twotothree times more fuel because of bad quality roads and traffic conditions said ravindra kumar principal scientist of crris transport and planning divisionthe result is they end up paying morea preliminary estimate puts the wastage across india at rs crore a day although the extra expense incurred by an individual driver might not ring alarm bells the cumulative wastage would be an added burden on indias oil imports billthe initial study was carried out on more than km of the best roads in delhi and its suburbs such as the yamuna expressway delhi gurgaon expressway and nh to collect the baseline data the best fuelefficient roads now we are driving the same vehicles on various roads of delhi to find out how much extra fuel they consume kumar said some of the roads that we have selected are peeragarhi to najafgarh kalindi kunj to jaitpur extension and mayur vihar ext to trilok puri among others
team india will play a record home matches this year from september to december the bcci announced on tuesday india will host australia new zealand and sri lanka during the season with the team playing a total of three tests odis and nine tis at home thiruvananthapuram and barsapara in assam may be added as test venues,two new venues thiruvananthapuram in kerala and barsapara in assam are in contention to host test matches during the home series against sri lanka as indian cricket team is set to play a record international matches at home between september and december a decision will be taken by bccis tours and fixtures committee in kolkata on tuesday read virat kohli spoilt for choices ahead of second india vs sri lanka test match according to a bcci officebearer indian cricket team will play five odis and three t internationals against australia from september end to mid of october the series will be followed by three odis and as many tis against new zealand the series against the black caps kiwis will begin late in october and conclude in the first week of novemberindia is all set to play internationals at home from sepdec tests odis tis against australia new zealand sri lanka mohandas menon mohanstatsman august the home season will end in december with three tests three odis and three t internationals against sri lanka after that virat kohli and his men fly down to south africaread cheteshwar pujara dale steyn morne morkel reality check strengthened resolve there are international matches at home three tests odis and nine t internationals each and every venue in india will be covered barsapara in assam and greenfield international stadium in thiruvananthapuram have got test status both are vying for test matches most of the bigger centres want either a t international or odis a bcci official told ptia kerala cricket association official confirmed the developmentsince kochis nehru stadium which has traditionally hosted odis will be used for he fifa u world cup we are hoping that greenfields gets its first test he saidread captain virat kohli displays icy nerves despite upheaval in indian dressing room nagpur which was under suspension may also be in contention to host a test match the traditional centres such as kolkata delhi mumbai chennai bengaluru or mohali will get odis or t internationals which draw capacity crowd there are possibilities that a couple of centres may get more than a match one can be rest assured that atleast venues will be covered during this phase he concluded
google has clarified that it has no information on its records with respect to harshit sharmas candidacy after a news about the tech giant hiring the class chandigarh boy went viral it was reported that harshit would get lakh monthly as trainee graphic designer and lakh monthly after the training completes in a month,who doesnt want to work for a reputed firm like google but not everyone gets such a golden opportunity but a student of a government school in chandigarh makes impossible possible google hires a class boy from chandigarh named harshit sharma he will be reportedly working as a graphic designer for the tech company update the india today tech has learned that the reports of google hiring a school student and at a salary of rs lakh per month are false the report first appeared in a city supplement produced by the indian express in a statement to india today tech google said currently we dont have any information on our records with respect to harshit sharmas candidacyharshit always wanted to work for google it was his dream company and he never imagined to fulfill it so soon he says hard work pays off he adds google recruits harshit as a trainee graphic designer for the time being he will be working from googles headquarter in california he just applied for a job posted by the company and got a reply after a few days harshit applied for position for the graphic designer along with which he submitted few of his work which also included a poster that he designed days after his application harshit received an appointment letter from google in june which mentioned that he has been hired also read google play services becomes the first ever app to cross billion downloads on play storegoogle will train him for the first month during the training the company is said to pay harshit a sum of rs lakh per month however after the training ends and he becomes a permanent employee google will pay him rs lakh as a monthly remuneration
a female teacher in odisha was suspended on tuesday for allegedly getting a massage by a schoolgirl on school premises the teacher bharati meher said the incident took place around two years ago when she told a class eight student she had a headache and the latter offered to massage her head a video of the incident went viral online,a woman teacher in odishas sambalpur district on tuesday placed under suspension on charge of getting herself massaged by a girl student in the schoolthe authorities took action against the lady teacher after a video of the incident went viral in the social mediasambalpur district education officer deo pramod panda confirmed about the suspension of the lady teacher of sikirdi project upper primary school bharati meherthe deo said meher was suspended after the video came to our notice ontuesdaymeher who is also incharge headmistress of the school admitted that a girl student had massaged her head however she said that the incident had taken place around two years ago when she was sitting in the office roombecause of severe headache i went inside the office room and sat there on that day however a class viii girl student came to me to call me to take class but on seeing my condition she asked me how i was feeling i told her about my headache she herself told me that she would massage my head this is the truth the lady teacher claimedthe girl who massaged my head on that day has already passed out from the school and therefore was not available for comment
passengers were stranded on greek island zakynthos for days after their easyjet plane developed technical difficulties on sunday and a replacement plane couldnt fly in due to mating turtles a flyer said there was no easyjet representative and passengers were forced to wait through hours of nothingness the airport has a night curfew to protect vulnerable loggerhead turtles breeding nearby,scores of easyjet passengers were stranded on the greek island of zakynthos also known as zante after their plane developed technical difficulties and a replacement aircraft was prevented from flying in because of mating turtles passengers expressed fury at easyjets lack of communication and incredibly bad handling of the delay which began on sunday afternoon some travellers who did not book on to other flights were only able to make it home on tuesday a fault with a wing flap was announced by the captain soon after passengers boarded the flight to gatwick at around pm on sunday and there was no communication for another hour despite being told the problem would be resolved in minutes passengers were soon asked to disembark they were forced to wait through hours of nothingness according to rebecca morris who was travelling with her husband and two small children she described the facilities at zakynthos airport as basic and said there was no help or guidance from easyjet apart from the odd automated text message there was no food or refreshments and there was no representative from easyjet morris said she said that while her familys travel agents helped them find accommodation and taxis other passengers were left to fend for themselves a similar process was repeated on monday the airline said the night curfew apparently in place because of vulnerable loggerhead turtles breeding nearby had prevented an alternative aircraft being sent out the sea turtle breeding season is well under way in zakynthos according to archelon a group dedicated in protecting sea turtles in greece late june to early july see the highest levels of spawning the group has recorded nests on the island so far but that is fewer than in previous years easyjet later apologised for the delay a spokesman said unfortunately easyjet was unable to operate flight ezy from zante to london gatwick on sunday july due to a technical fault with the aircraft and had to delay the flight overnight engineers were immediately dispatched to zante and believed that the technical issue was rectified yesterday however it then reoccurred before boarding which meant the flight could not operate the safety of our passengers and crew is our highest priority and we will only operate if it is safe to do so we do all possible to try and minimise delays and as such planned to send a replacement aircraft unfortunately due to the night curfew rule at the airport we were unable to get the replacement aircraft into the airport the flight departed zante and arrived at london gatwick today around a quarter of passengers travelled on flights with alternative carriers yesterday afternoon passengers have been provided with hotel accommodation and expenses in line with eu regulations and will also be entitled to eu compensation
a picture of sushant singh rajput in a spacesuit at the national aeronautics and space administration nasa has been shared on twitter by producer viki rajani the actor has started undergoing training for his role as an astronaut in the upcoming film chanda mama door ke directed by sanjay puran singh chauhan the film will release on january,bollywood actor sushant singh rajput is all set to get special training at nasa national aeronautics and space administration for his upcoming film chanda mama door ke where he plays an astronaut in a new picture shared on twitter sushant is seen wearing a white spacesuit taran adarsh shared the picture and wrote sushant singh rajput to undergo special training at nasas space rocket center enacts the part of an astronaut in chandamamadoorke earlier talking to a website alcom the actor had said about real astronauts their training is something else much deeper they are trained to be put in a situation where youre facing problems for the first time so with all your experience with all your skills with all your way of concentrating and not being anxious its not a question of pass or fail its a question of life or deathsushant singh rajput to undergo special training at nasas space rocket center enacts the part of an astronaut in chandamamadoorke pictwittercomwbbyelce taran adarsh taranadarsh august sushant visited the nasa centre in the us in july to prepare for the space adventure to experience zero gravity earlier sushant shared his photos from the visit to the us space rocket center dressed in a space suit and a cap the actor was in full astronaut mode another photo was accompanied with a post stating from a miniature rocket to a life size one this grown up kid will never cease to dream my mother always wanted her sushant in space sicfrom a miniature rocket to a life size one this grown up kid will never cease to dreammy mother always wanted her sushant in space pictwittercomzpiprf sushant singh rajput itsssr july neutral buoyancy space walk drills and orion simulations are were so much fun cant wait to try more pictwittercomxyxbpngj sushant singh rajput itsssr july sending sos from this tiny boxcause tonight im feeling like an pictwittercomwanvgsiwf sushant singh rajput itsssr july the actor is reportedly being trained in neutral buoyancy undergoing spacewalk drills and moon walks experiencing zero gravity and orion simulations directed by sanjay puran singh chauhan the film also stars nawazuddin siddiqui and r madhavanfollow htshowbiz for more
a sri lankan national was arrested for allegedly using a fake ticket to enter a terminal at the delhi airport on monday officials said cisf personnel had found the accused identified as nuwan u fernando roaming suspiciously inside the terminaliii building fernando told officials he had used a cancelled ticket to enter the airport terminal to see off his mother,new delhi aug pti a sri lankan national has been apprehended at the delhi airport for entering a terminal allegedly using a fake ticket officials said today the man was apprehended last evening when a central industrial security force cisf personnel deployed for the airports security found him roaming suspiciously inside the terminaliii building a senior official in airport security said the man was identified as nuwan u fernando a resident of sri lanka he said he told the cisf personnel that he had come to see off his mother who was travelling to colombo from the indira gandhi international airport igia the official said
gurugram police on saturday midnight rescued twenty people who were trapped in a mall lift for nearly minutes police said that two out of six women fell unconscious in the lift due to lack of oxygen some trapped people had reportedly contacted the elevator control room but the police were called when the staff couldnt fix the technical glitch,twenty people including six female employees of a multinational company went through a harrowing time on saturday after being stuck in an elevator at sector s south point mall for close to minutes the women according to the police were offduty and were returning home after a party when the elevator got stuck between the second and third floors two of the women fell unconscious due to lack of oxygen said the policesome people stuck later called the elevator control room but the staff could not rectify the technical fault after which the police were called a police team soon reached the spot and after assessing the situation broke a glass on the backside of the elevator cracked open the glass wall of the lift and rescue the peoplethe police control room received information about the incident at saturday midnight after which sector police station was informed and a team rushed to the spotwhen we reached the spot two women had already fallen unconscious the elevator was stuck in the middle of two floors and was not moving in either direction we had to break the back glass with a hammer and then break the glass wall of the elevator said rahul dev sho sector police station the police then used a ladder to get people out of the liftthe police have not registered any case in the matter with dev stating that a case could be filed if a complained is receivedsaturdays incident was not a stray one as gurgaon has witnessed a number of tragedies involving elevators in the last few yearson april nishant sharma an employee with marketing and consulting company sapient was killed after getting stuck under an elevator when he was trying to go to his office on the th floor of cyber greens building in dlf phase his body was crushed after the elevator suddenly moved and trapped his leg he was rushed to a private hospital with cardiac and respiratory seizure where he died on april five years later on the night of may eighteen members of a family including children from sushant lok were trapped for more than an hour inside an elevator at a deluxe hotel on mg road the police had to break the glass of the elevator and rescue the family the police later arrested two bouncers who did not help the victims and even dissuaded the police from breaking the elevators glasson april this year an elevator at central park on sohna road fell to the lower basement with a family reportedly stuck inside
passengers and cabin crew got into an argument on tuesday after a delhibengaluru spicejet flight was repeatedly delayed passengers including children reportedly sat inside the aircraft for hours while no reason was given for the delay the flight was scheduled to depart at pm while passengers were reportedly accommodated on a different aircraft that departed at am,inordinate delay of a spicejet flight sg resulted in a faceoff between passengers and the airline crew on tuesday scores of passengers including children and elderly were made to sit inside the flight for hours claims passengersthe crew allegedly could not provide any reason for the delay the flight was scheduled to take off at pm but got delayed to pm and then by another minutes the faceoff between the passengers and the crew ensued after the flight failed to depart even after the said timing the flight finally took off at amaccording to sources a different aircraft flew the passengers to bengaluru spicejet however has not responded so far
a yearold man from jammu and kashmir accused of rape committed suicide after the panchayat directed him to drink urine of the victim police said he also recorded an audio clip before killing himself wherein he claimed of never raping the girl the panchayats initial direction was to compensate the girls family with money which the man refused police added,a yearold postgraduate youth who felt humiliated by a panchayat diktat asking him to drink a girls urine for allegedly raping her claimed his life police saidthe incident happened over a week ago in a remote village of targain in budhal tehsil of rajouri district km northwest of jammuthe deceased has been identified as fazal hussain son of mohammed abdullahbefore committing suicide by jumping into samar sar lake near targain village hussain had recorded an audio clip on a mobile phone wherein he stated that he never raped the girl and felt humiliated by the panchayats diktatssp rajouri yougal manhas told ht over phone that in the next two to three days the police will ascertain the facts and take action accordinglymanhas said the mobile phone belonged to one of hussains relative probably his cousinhe had stated in the clip that he was asked by the panchayat to drink girls urine and he also claimed that he never raped the girl said the ssphe however informed that none of the two families ever approached policethey didnt report the matter to police and appeared before village panchayat he addedthe officer said that the hussains body was recovered from the lake on sunday after it was spotted floating by some shepherds in the upper reaches of budhalanother police officer from budhal said that the parents of the girl from the same targain village had approached the panchayat with a complaint of rape against the accusedthe girls family had sought justice and the panchayat came up with such a weird punishment he saidinitial investigations revealed that the panchayat had asked hussains family to compensate the girls family with moneybut fazal hussain refused to pay thereafter the panchayat asked him to drink the girls urine baffled by the weird diktat fazal sought two days time to mentally get ready but on sunday his body was found in the lake he added
maharashtra chief minister devendra fadnavis on tuesday said that the newly adopted online assessment system delayed the declaration of mumbai university results he added that the government will implement technological changes systematically and in phases to avoid similar problems in the future notably lakh out of the lakh answer sheets have been evaluated so far,the maharashtra government on tuesday admitted that adopting online assessment system by the university of mumbai mu for evaluating answer papers delayed declaration of results the state has now promised to implement the system gradually to avoid similar problems in the future it is a serious issue the mu had recently shifted to an online system for assessment of answer papers which caused a delay in completing the assessment work scenario would have been different if it had been implemented in stages chief minister devendra fadnavis said fadnavis was replying to a query raised by nationalist congress party legislator and former deputy chief minister ajit pawar the ncp leader said the university had failed to meet the july deadline given by the governor ch vidysagar rao for completing assessment work of courses offered by the varsity it declared results for only courses on monday asking the chief minister to intervene pawar said the issue had tarnished the universitys reputation in the country further delay in declaring results may also impact students who want to pursue higher education abroad he added fadnavis said the online assessment system is the need of the hour and has been adopted worldwide the system ensures that evaluators assess answer papers online thus bringing transparency the government will make sure that the system is implemented smoothly in phases he said he also informed the assembly that of lakh answer sheets lakh have been evaluated so far the governor has now set a new deadline of august to declare the pending results mark sheets of students who wish to pursue higher education abroad will be made available by august fadnavis said
shops at the domestic terminal of delhi airport have been relocated to provide additional space for seamless passenger movement mos for civil aviation jayant sinha said on tuesday this comes after a draft report by the public accounts committee said lesser space for passengers due to shops and restaurants could hamper passenger movement during a mishap,new delhi aug pti shops at the domestic terminal of delhi airport have been relocated to provide additional space for seamless passenger movement the government said today a public accounts committee headed by congress leader k v thomas had in its draft report indicted the delhi airport operator about shrinkage of space for passengers because of restaurants retail outlets dutyfree complexes and executive lounges the committee had said that this could hamper passenger movement incase of a mishap
the us air force is negotiating with boeing to purchase two jetliners once built for russian airline transaero which went bankrupt before the planes were delivered the jetliners will be used as the new air force one and its backup air force one is the aircraft that carries the president of the united states,facing pressure from president donald trump to cut the cost of new air force one aircraft the us air force is negotiating with boeing to purchase two jetliners that were built for a russian airline that went bankrupt before they were deliveredwere working through the final stages of coordination to purchase two commercial aircraft and expect to award a contract soon said air force spokeswoman ann stefanek who declined to elaborate on the detailsnational security publication defense one which first reported the negotiations said the air force was believed to be getting a good deal on the aircraft which sell for about million on averagethe two aircraft were initially ordered four years ago by transaero a russian airline that went bankrupt in a person familiar with the talks told reutersboeing built two s out of an order of four but the airline never took ownership of them and the planes have been stored in the mojave desert where the dry hot climate slows corrosion defense one saidtrump rattled boeing in december before taking office by saying in a twitter message boeing is building a brand new air force one for future presidents but costs are out of control more than billion cancel order donald j trump realdonaldtrump december boeing chief executive officer dennis muilenburg called trump and told him the cost could be reduced if the air force changed its requirements sources familiar with the conversation said at the timewhite house officials in december were unclear where trump obtained the billion figure the air force has estimated it would spend billion through for development of a new presidential aircraft the cost of refitting the commercial s with the enhanced electronics and security systems required for air force one were unclearboeing had said it expected to add the air force one jets to its backlog which currently numbers planes five passenger models and freightersthe redeployment to the air force of jets already built for another customer would effectively reduce boeings future production plans by two aircraft but it would provide a home for two airframes that have been built but remain unsoldthe air force operates two military versions of the boeing b aircraft that serve as air force one when the president is aboard both are nearing the end of their planned year life
the allahabad high court on tuesday said it would hear fresh appeals filed by rajesh and nupur talwar challenging their conviction in the murder of their daughter aarushi and domestic help hemraj the court said it would hear the matter again due to contradictions in some submissions made by the cbi and fixed a hearing for august,allahabad aug pti the allahabad high court today said it would hear afresh the appeals filed by rajesh and nupur talwar challenging their conviction in the murder of their daughter aarushi and domestic help hemraj seven months after reserving its judgement in the matter a division bench comprising justices bala krishna narayana and arvind kumar mishra said it would hear the matter again due to contradictions in some submissions made by the cbi in the sensational murder case and fixed august for resuming the hearing the court had on january last reserved its judgement on the appeals filed by the noidabased dentist couple who were awarded life imprisonment by a special cbi court at ghaziabad on november
as many as people died while travelling in mumbais local trains on sunday according to railway data almost people have been killed while travelling in trains in the past six months it added of the lost their lives by falling off the train were killed while crossing railway tracks and people died of electric shock,motorman mahendra prasad called up the railway police control room on sunday and informed officials that a yearold boy and yearold youth had fallen from a train and were found injured on the tracks between lower parel and elphinston stations mohammed ansari and mohammed nisar were among the people injured while travelling on western and central railway line on sundaysunday recorded track deaths the highest on a single day this year in the past six months around people have been killed while travelling on trains died after falling off trains on an average seven people are killed daily on railway tracks according to the railway data people died on the central line while persons died after falling off trains on the western line this year till june kalyan and borivli railway stations recorded the maximum number of deaths due to falling off trains especially during peak hours track crossing has killed people in the central line and in the western line the government railway police officers said the commuter count has increased leading to crowded trains last year out of deaths recorded a majority were due to track crossing we had taken several initiatives to stop people from crossing track the railways had put up fences at many places between the tracks to prevent track crossing said niket kaushik police commissioner grp the grp officers said that overcrowding is the main reason of people falling off trains which is a concern for the authorities activists have been writing to the railway authorities to increase the number of coaches in trains deaths till june this year track crossing falling from trains electric shock death due to injury accidental read crossing tracks led to of train fatalities in mumbai in two die after falling off moving trains in mumbai
the gujarat congress mlas staying in a bengaluru resort are not allowed to go out and mlas from karnataka have been put in charge of the discipline the party has planned seminars and programmes for their entertainment inside the resort these include a lecture on the corruption charges against upa and congress achievements in years transparency and accountability,bored in confines of a sprawling resort in bengaluru the congress flock of mlas is a frustrated lot now following strict orders of the karnataka power minister dk shivakumar the mlas are not allowed to venture out in the city while the minister is presently in new delhi to seek further course of action mlas have been put incharge of the discipline but few defiant mlas did head out in the city for sightseeing shopping to visit temples much to the dismay of those still under curbs the mlas who were allowed to go out are supposedly those the congress is confident of not ditching the party
